word,count,tf
tencate,196,0.021997755331088664
market,76,0.008529741863075197
board,68,0.007631874298540965
fabrics,46,0.0051627384960718295
supervisory,43,0.004826038159371493
advanced,43,0.004826038159371493
business,42,0.0047138047138047135
million,40,0.004489337822671156
production,39,0.004377104377104377
materials,38,0.004264870931537598
group,38,0.004264870931537598
management,36,0.00404040404040404
grass,31,0.003479236812570146
groups,31,0.003479236812570146
armor,30,0.003367003367003367
risk,30,0.003367003367003367
protective,28,0.0031425364758698093
markets,27,0.0030303030303030303
executive,27,0.0030303030303030303
composites,26,0.0029180695847362513
growth,25,0.0028058361391694723
applications,24,0.0026936026936026937
products,24,0.0026936026936026937
company,23,0.0025813692480359147
performance,23,0.0025813692480359147
increased,22,0.0024691358024691358
end,22,0.0024691358024691358
also,22,0.0024691358024691358
risks,22,0.0024691358024691358
product,21,0.0023569023569023568
key,20,0.002244668911335578
usa,20,0.002244668911335578
development,20,0.002244668911335578
value,19,0.002132435465768799
member,19,0.002132435465768799
protection,19,0.002132435465768799
customers,18,0.00202020202020202
new,18,0.00202020202020202
companies,18,0.00202020202020202
systems,18,0.00202020202020202
strategy,16,0.0017957351290684624
organization,16,0.0017957351290684624
turf,16,0.0017957351290684624
order,16,0.0017957351290684624
solutions,16,0.0017957351290684624
segment,15,0.0016835016835016834
geosynthetics,15,0.0016835016835016834
global,15,0.0016835016835016834
netherlands,15,0.0016835016835016834
safety,15,0.0016835016835016834
industry,15,0.0016835016835016834
outdoor,14,0.0015712682379349046
industrial,14,0.0015712682379349046
year,14,0.0015712682379349046
pension,14,0.0015712682379349046
financial,14,0.0015712682379349046
operational,13,0.0014590347923681257
sales,13,0.0014590347923681257
facilities,12,0.0013468013468013469
energy,12,0.0013468013468013469
aerospace,12,0.0013468013468013469
acquisition,12,0.0013468013468013469
individual,12,0.0013468013468013469
report,12,0.0013468013468013469
europe,12,0.0013468013468013469
quality,12,0.0013468013468013469
activities,12,0.0013468013468013469
corporate,12,0.0013468013468013469
requirements,12,0.0013468013468013469
future,12,0.0013468013468013469
composite,12,0.0013468013468013469
profile,12,0.0013468013468013469
revenues,11,0.0012345679012345679
active,11,0.0012345679012345679
dutch,11,0.0012345679012345679
main,11,0.0012345679012345679
processes,11,0.0012345679012345679
proposition,11,0.0012345679012345679
manufacturing,11,0.0012345679012345679
sports,11,0.0012345679012345679
costs,11,0.0012345679012345679
customer,11,0.0012345679012345679
downstream,10,0.001122334455667789
increase,10,0.001122334455667789
efficiency,10,0.001122334455667789
water,10,0.001122334455667789
combination,10,0.001122334455667789
focus,10,0.001122334455667789
leading,10,0.001122334455667789
bv,10,0.001122334455667789
strategic,10,0.001122334455667789
strong,10,0.001122334455667789
time,9,0.00101010101010101
system,9,0.00101010101010101
control,9,0.00101010101010101
fte,9,0.00101010101010101
highperformance,9,0.00101010101010101
much,9,0.00101010101010101
total,9,0.00101010101010101
survivability,9,0.00101010101010101
presence,9,0.00101010101010101
tax,9,0.00101010101010101
result,9,0.00101010101010101
partner,9,0.00101010101010101
credit,9,0.00101010101010101
manufacturers,9,0.00101010101010101
mainly,8,0.0008978675645342312
upstream,8,0.0008978675645342312
tennessee,8,0.0008978675645342312
portfolio,8,0.0008978675645342312
discussed,8,0.0008978675645342312
programs,8,0.0008978675645342312
possible,8,0.0008978675645342312
fully,8,0.0008978675645342312
developments,8,0.0008978675645342312
range,8,0.0008978675645342312
operating,8,0.0008978675645342312
synthetic,8,0.0008978675645342312
thermoplastic,8,0.0008978675645342312
annual,8,0.0008978675645342312
current,8,0.0008978675645342312
process,8,0.0008978675645342312
landscaping,8,0.0008978675645342312
located,8,0.0008978675645342312
law,8,0.0008978675645342312
segments,8,0.0008978675645342312
security,8,0.0008978675645342312
important,8,0.0008978675645342312
suppliers,8,0.0008978675645342312
chairman,7,0.0007856341189674523
cash,7,0.0007856341189674523
yarn,7,0.0007856341189674523
technology,7,0.0007856341189674523
vehicle,7,0.0007856341189674523
position,7,0.0007856341189674523
related,7,0.0007856341189674523
aircraft,7,0.0007856341189674523
offer,7,0.0007856341189674523
jan,7,0.0007856341189674523
including,7,0.0007856341189674523
part,7,0.0007856341189674523
capital,7,0.0007856341189674523
low,7,0.0007856341189674523
enforcement,7,0.0007856341189674523
among,7,0.0007856341189674523
scheme,7,0.0007856341189674523
members,7,0.0007856341189674523
positive,7,0.0007856341189674523
kilotonnes,7,0.0007856341189674523
conditions,7,0.0007856341189674523
employees,7,0.0007856341189674523
consumption,7,0.0007856341189674523
ebitda,7,0.0007856341189674523
well,7,0.0007856341189674523
outlook,7,0.0007856341189674523
engineering,7,0.0007856341189674523
supplier,7,0.0007856341189674523
environmental,7,0.0007856341189674523
environment,7,0.0007856341189674523
natural,7,0.0007856341189674523
level,7,0.0007856341189674523
military,7,0.0007856341189674523
enhancement,7,0.0007856341189674523
years,7,0.0007856341189674523
government,6,0.0006734006734006734
sites,6,0.0006734006734006734
higher,6,0.0006734006734006734
within,6,0.0006734006734006734
niche,6,0.0006734006734006734
number,6,0.0006734006734006734
results,6,0.0006734006734006734
expected,6,0.0006734006734006734
structural,6,0.0006734006734006734
royal,6,0.0006734006734006734
waste,6,0.0006734006734006734
space,6,0.0006734006734006734
good,6,0.0006734006734006734
addition,6,0.0006734006734006734
local,6,0.0006734006734006734
passive,6,0.0006734006734006734
fund,6,0.0006734006734006734
garment,6,0.0006734006734006734
textile,6,0.0006734006734006734
r,6,0.0006734006734006734
large,6,0.0006734006734006734
specific,6,0.0006734006734006734
organic,6,0.0006734006734006734
code,6,0.0006734006734006734
defense,6,0.0006734006734006734
three,6,0.0006734006734006734
technical,6,0.0006734006734006734
create,6,0.0006734006734006734
operates,6,0.0006734006734006734
china,6,0.0006734006734006734
personal,6,0.0006734006734006734
improvement,6,0.0006734006734006734
capabilities,6,0.0006734006734006734
unique,6,0.0006734006734006734
emphasis,6,0.0006734006734006734
support,6,0.0006734006734006734
people,6,0.0006734006734006734
focused,6,0.0006734006734006734
nv,6,0.0006734006734006734
used,6,0.0006734006734006734
demand,6,0.0006734006734006734
external,6,0.0006734006734006734
compliance,6,0.0006734006734006734
due,6,0.0006734006734006734
strengthened,5,0.0005611672278338945
design,5,0.0005611672278338945
supported,5,0.0005611672278338945
economic,5,0.0005611672278338945
ceo,5,0.0005611672278338945
may,5,0.0005611672278338945
solution,5,0.0005611672278338945
projects,5,0.0005611672278338945
thermoset,5,0.0005611672278338945
infrastructure,5,0.0005611672278338945
toray,5,0.0005611672278338945
use,5,0.0005611672278338945
meet,5,0.0005611672278338945
based,5,0.0005611672278338945
volume,5,0.0005611672278338945
oems,5,0.0005611672278338945
improved,5,0.0005611672278338945
flow,5,0.0005611672278338945
sport,5,0.0005611672278338945
engineered,5,0.0005611672278338945
holding,5,0.0005611672278338945
carpet,5,0.0005611672278338945
spending,5,0.0005611672278338945
least,5,0.0005611672278338945
especially,5,0.0005611672278338945
initiatives,5,0.0005611672278338945
mitt,5,0.0005611672278338945
impact,5,0.0005611672278338945
productmarket,5,0.0005611672278338945
sector,5,0.0005611672278338945
resin,5,0.0005611672278338945
cost,5,0.0005611672278338945
strengthening,5,0.0005611672278338945
resulting,5,0.0005611672278338945
policy,5,0.0005611672278338945
senior,5,0.0005611672278338945
innovative,5,0.0005611672278338945
appetite,5,0.0005611672278338945
two,5,0.0005611672278338945
matters,5,0.0005611672278338945
several,5,0.0005611672278338945
centralized,5,0.0005611672278338945
sustainable,5,0.0005611672278338945
co,5,0.0005611672278338945
vehicles,5,0.0005611672278338945
enhanced,5,0.0005611672278338945
net,5,0.0005611672278338945
footprint,5,0.0005611672278338945
industries,5,0.0005611672278338945
january,5,0.0005611672278338945
approach,5,0.0005611672278338945
office,5,0.0005611672278338945
significantly,5,0.0005611672278338945
composition,5,0.0005611672278338945
decentralized,5,0.0005611672278338945
benefit,5,0.0005611672278338945
general,5,0.0005611672278338945
cfo,5,0.0005611672278338945
fiber,5,0.0005611672278338945
leisure,5,0.0005611672278338945
best,5,0.0005611672278338945
needs,5,0.0005611672278338945
outside,5,0.0005611672278338945
combinations,5,0.0005611672278338945
acquisitions,5,0.0005611672278338945
major,5,0.0005611672278338945
relate,5,0.0005611672278338945
availability,5,0.0005611672278338945
boards,5,0.0005611672278338945
provide,5,0.0005611672278338945
term,5,0.0005611672278338945
develops,4,0.0004489337822671156
better,4,0.0004489337822671156
working,4,0.0004489337822671156
various,4,0.0004489337822671156
workwear,4,0.0004489337822671156
electricity,4,0.0004489337822671156
seats,4,0.0004489337822671156
meeting,4,0.0004489337822671156
sgw,4,0.0004489337822671156
produced,4,0.0004489337822671156
consolidated,4,0.0004489337822671156
investments,4,0.0004489337822671156
sun,4,0.0004489337822671156
program,4,0.0004489337822671156
substantial,4,0.0004489337822671156
full,4,0.0004489337822671156
greenfields,4,0.0004489337822671156
four,4,0.0004489337822671156
operation,4,0.0004489337822671156
aimed,4,0.0004489337822671156
almelo,4,0.0004489337822671156
united,4,0.0004489337822671156
rights,4,0.0004489337822671156
threats,4,0.0004489337822671156
review,4,0.0004489337822671156
fibers,4,0.0004489337822671156
reducing,4,0.0004489337822671156
aspects,4,0.0004489337822671156
one,4,0.0004489337822671156
optimal,4,0.0004489337822671156
contribution,4,0.0004489337822671156
application,4,0.0004489337822671156
components,4,0.0004489337822671156
forces,4,0.0004489337822671156
officer,4,0.0004489337822671156
enables,4,0.0004489337822671156
comply,4,0.0004489337822671156
commercial,4,0.0004489337822671156
growing,4,0.0004489337822671156
operations,4,0.0004489337822671156
profit,4,0.0004489337822671156
exceptional,4,0.0004489337822671156
rental,4,0.0004489337822671156
works,4,0.0004489337822671156
project,4,0.0004489337822671156
identified,4,0.0004489337822671156
van,4,0.0004489337822671156
police,4,0.0004489337822671156
houten,4,0.0004489337822671156
price,4,0.0004489337822671156
demands,4,0.0004489337822671156
agreement,4,0.0004489337822671156
financing,4,0.0004489337822671156
interest,4,0.0004489337822671156
operate,4,0.0004489337822671156
tent,4,0.0004489337822671156
amounted,4,0.0004489337822671156
automotive,4,0.0004489337822671156
items,4,0.0004489337822671156
council,4,0.0004489337822671156
meters,4,0.0004489337822671156
lightweight,4,0.0004489337822671156
geosynthetic,4,0.0004489337822671156
basis,4,0.0004489337822671156
developed,4,0.0004489337822671156
cate,4,0.0004489337822671156
commenced,4,0.0004489337822671156
california,4,0.0004489337822671156
continuity,4,0.0004489337822671156
regulations,4,0.0004489337822671156
figures,4,0.0004489337822671156
america,4,0.0004489337822671156
effect,4,0.0004489337822671156
attention,4,0.0004489337822671156
highend,4,0.0004489337822671156
recovery,4,0.0004489337822671156
supervision,4,0.0004489337822671156
longstanding,4,0.0004489337822671156
required,4,0.0004489337822671156
approximately,4,0.0004489337822671156
debt,4,0.0004489337822671156
fr,4,0.0004489337822671156
december,4,0.0004489337822671156
opportunities,4,0.0004489337822671156
response,4,0.0004489337822671156
central,4,0.0004489337822671156
connection,4,0.0004489337822671156
sustainability,4,0.0004489337822671156
wear,4,0.0004489337822671156
place,4,0.0004489337822671156
american,4,0.0004489337822671156
protecting,4,0.0004489337822671156
resources,4,0.0004489337822671156
consumer,4,0.0004489337822671156
cubic,4,0.0004489337822671156
raw,4,0.0004489337822671156
include,4,0.0004489337822671156
transition,4,0.0004489337822671156
recorded,4,0.0004489337822671156
users,4,0.0004489337822671156
meetings,4,0.0004489337822671156
structures,4,0.0004489337822671156
electronics,4,0.0004489337822671156
technological,4,0.0004489337822671156
monitored,4,0.0004489337822671156
still,4,0.0004489337822671156
savings,4,0.0004489337822671156
lower,4,0.0004489337822671156
qualifications,4,0.0004489337822671156
service,4,0.0004489337822671156
tcg,4,0.0004489337822671156
treasury,4,0.0004489337822671156
governance,4,0.0004489337822671156
made,4,0.0004489337822671156
hovers,4,0.0004489337822671156
ten,4,0.0004489337822671156
remain,3,0.0003367003367003367
extent,3,0.0003367003367003367
even,3,0.0003367003367003367
reduction,3,0.0003367003367003367
processing,3,0.0003367003367003367
placed,3,0.0003367003367003367
longer,3,0.0003367003367003367
finishing,3,0.0003367003367003367
terms,3,0.0003367003367003367
approved,3,0.0003367003367003367
around,3,0.0003367003367003367
crucial,3,0.0003367003367003367
parts,3,0.0003367003367003367
fred,3,0.0003367003367003367
albers,3,0.0003367003367003367
develop,3,0.0003367003367003367
temporary,3,0.0003367003367003367
access,3,0.0003367003367003367
stakeholders,3,0.0003367003367003367
started,3,0.0003367003367003367
positively,3,0.0003367003367003367
reliable,3,0.0003367003367003367
trends,3,0.0003367003367003367
social,3,0.0003367003367003367
north,3,0.0003367003367003367
plenary,3,0.0003367003367003367
material,3,0.0003367003367003367
investing,3,0.0003367003367003367
westerink,3,0.0003367003367003367
legal,3,0.0003367003367003367
audit,3,0.0003367003367003367
sources,3,0.0003367003367003367
personnel,3,0.0003367003367003367
broad,3,0.0003367003367003367
international,3,0.0003367003367003367
account,3,0.0003367003367003367
output,3,0.0003367003367003367
refinancing,3,0.0003367003367003367
flexibility,3,0.0003367003367003367
loss,3,0.0003367003367003367
limited,3,0.0003367003367003367
blends,3,0.0003367003367003367
innovations,3,0.0003367003367003367
course,3,0.0003367003367003367
leader,3,0.0003367003367003367
weight,3,0.0003367003367003367
favorable,3,0.0003367003367003367
topics,3,0.0003367003367003367
contribute,3,0.0003367003367003367
settlement,3,0.0003367003367003367
employs,3,0.0003367003367003367
particular,3,0.0003367003367003367
marketing,3,0.0003367003367003367
five,3,0.0003367003367003367
worldwide,3,0.0003367003367003367
entrepreneurship,3,0.0003367003367003367
facility,3,0.0003367003367003367
september,3,0.0003367003367003367
knowledge,3,0.0003367003367003367
expenditures,3,0.0003367003367003367
predominantly,3,0.0003367003367003367
share,3,0.0003367003367003367
nijverdal,3,0.0003367003367003367
per,3,0.0003367003367003367
combine,3,0.0003367003367003367
impacted,3,0.0003367003367003367
structure,3,0.0003367003367003367
partnerships,3,0.0003367003367003367
standard,3,0.0003367003367003367
proceedings,3,0.0003367003367003367
field,3,0.0003367003367003367
inherent,3,0.0003367003367003367
backing,3,0.0003367003367003367
changes,3,0.0003367003367003367
means,3,0.0003367003367003367
finance,3,0.0003367003367003367
positioned,3,0.0003367003367003367
amounting,3,0.0003367003367003367
established,3,0.0003367003367003367
minimize,3,0.0003367003367003367
direct,3,0.0003367003367003367
parent,3,0.0003367003367003367
geographies,3,0.0003367003367003367
progress,3,0.0003367003367003367
producers,3,0.0003367003367003367
view,3,0.0003367003367003367
onetime,3,0.0003367003367003367
violations,3,0.0003367003367003367
regarding,3,0.0003367003367003367
building,3,0.0003367003367003367
however,3,0.0003367003367003367
plays,3,0.0003367003367003367
respect,3,0.0003367003367003367
acquired,3,0.0003367003367003367
pitch,3,0.0003367003367003367
gas,3,0.0003367003367003367
strongly,3,0.0003367003367003367
businesses,3,0.0003367003367003367
regional,3,0.0003367003367003367
limits,3,0.0003367003367003367
responsibilities,3,0.0003367003367003367
role,3,0.0003367003367003367
states,3,0.0003367003367003367
revenue,3,0.0003367003367003367
almost,3,0.0003367003367003367
overall,3,0.0003367003367003367
devoted,3,0.0003367003367003367
chief,3,0.0003367003367003367
frank,3,0.0003367003367003367
footwear,3,0.0003367003367003367
advisory,3,0.0003367003367003367
similar,3,0.0003367003367003367
department,3,0.0003367003367003367
replacement,3,0.0003367003367003367
reporting,3,0.0003367003367003367
previous,3,0.0003367003367003367
agreed,3,0.0003367003367003367
body,3,0.0003367003367003367
plans,3,0.0003367003367003367
providing,3,0.0003367003367003367
element,3,0.0003367003367003367
world,3,0.0003367003367003367
recent,3,0.0003367003367003367
entire,3,0.0003367003367003367
contractors,3,0.0003367003367003367
globally,3,0.0003367003367003367
dominant,3,0.0003367003367003367
phase,3,0.0003367003367003367
reduce,3,0.0003367003367003367
enable,3,0.0003367003367003367
dedicated,3,0.0003367003367003367
occupied,3,0.0003367003367003367
completed,3,0.0003367003367003367
momentum,3,0.0003367003367003367
continuing,3,0.0003367003367003367
satellite,3,0.0003367003367003367
trend,3,0.0003367003367003367
drivers,3,0.0003367003367003367
safe,3,0.0003367003367003367
fields,3,0.0003367003367003367
march,3,0.0003367003367003367
standards,3,0.0003367003367003367
continued,3,0.0003367003367003367
dependence,3,0.0003367003367003367
consultation,3,0.0003367003367003367
spaan,3,0.0003367003367003367
built,3,0.0003367003367003367
characteristics,3,0.0003367003367003367
attended,3,0.0003367003367003367
auditor,3,0.0003367003367003367
us,3,0.0003367003367003367
rate,3,0.0003367003367003367
statements,3,0.0003367003367003367
france,3,0.0003367003367003367
uk,3,0.0003367003367003367
positions,3,0.0003367003367003367
significant,3,0.0003367003367003367
produces,3,0.0003367003367003367
molenaar,3,0.0003367003367003367
comfort,3,0.0003367003367003367
selected,3,0.0003367003367003367
launch,2,0.0002244668911335578
example,2,0.0002244668911335578
thereby,2,0.0002244668911335578
regular,2,0.0002244668911335578
turning,2,0.0002244668911335578
ca,2,0.0002244668911335578
amount,2,0.0002244668911335578
plant,2,0.0002244668911335578
units,2,0.0002244668911335578
policies,2,0.0002244668911335578
state,2,0.0002244668911335578
oil,2,0.0002244668911335578
manufactures,2,0.0002244668911335578
opsa,2,0.0002244668911335578
completion,2,0.0002244668911335578
allows,2,0.0002244668911335578
platforms,2,0.0002244668911335578
twente,2,0.0002244668911335578
subbase,2,0.0002244668911335578
often,2,0.0002244668911335578
andor,2,0.0002244668911335578
partly,2,0.0002244668911335578
fastchanging,2,0.0002244668911335578
factor,2,0.0002244668911335578
interior,2,0.0002244668911335578
aim,2,0.0002244668911335578
expenditure,2,0.0002244668911335578
digitally,2,0.0002244668911335578
communities,2,0.0002244668911335578
hockey,2,0.0002244668911335578
representatives,2,0.0002244668911335578
eg,2,0.0002244668911335578
recycled,2,0.0002244668911335578
first,2,0.0002244668911335578
abds,2,0.0002244668911335578
grids,2,0.0002244668911335578
valuable,2,0.0002244668911335578
enhances,2,0.0002244668911335578
taxes,2,0.0002244668911335578
consumers,2,0.0002244668911335578
digit,2,0.0002244668911335578
realized,2,0.0002244668911335578
since,2,0.0002244668911335578
wovens,2,0.0002244668911335578
thanks,2,0.0002244668911335578
separation,2,0.0002244668911335578
boudewijn,2,0.0002244668911335578
effectively,2,0.0002244668911335578
director,2,0.0002244668911335578
soils,2,0.0002244668911335578
propositions,2,0.0002244668911335578
internal,2,0.0002244668911335578
aims,2,0.0002244668911335578
allow,2,0.0002244668911335578
wastewater,2,0.0002244668911335578
offices,2,0.0002244668911335578
specified,2,0.0002244668911335578
primarily,2,0.0002244668911335578
expectations,2,0.0002244668911335578
provided,2,0.0002244668911335578
anticipated,2,0.0002244668911335578
supporting,2,0.0002244668911335578
added,2,0.0002244668911335578
stable,2,0.0002244668911335578
earnings,2,0.0002244668911335578
covering,2,0.0002244668911335578
radome,2,0.0002244668911335578
grants,2,0.0002244668911335578
continues,2,0.0002244668911335578
specifically,2,0.0002244668911335578
artificial,2,0.0002244668911335578
strengthen,2,0.0002244668911335578
reason,2,0.0002244668911335578
liabilities,2,0.0002244668911335578
emissions,2,0.0002244668911335578
academy,2,0.0002244668911335578
authorities,2,0.0002244668911335578
models,2,0.0002244668911335578
european,2,0.0002244668911335578
football,2,0.0002244668911335578
regularly,2,0.0002244668911335578
chain,2,0.0002244668911335578
claims,2,0.0002244668911335578
along,2,0.0002244668911335578
applied,2,0.0002244668911335578
kits,2,0.0002244668911335578
delivery,2,0.0002244668911335578
continue,2,0.0002244668911335578
continuously,2,0.0002244668911335578
national,2,0.0002244668911335578
aviation,2,0.0002244668911335578
east,2,0.0002244668911335578
envisaged,2,0.0002244668911335578
technologies,2,0.0002244668911335578
towards,2,0.0002244668911335578
employed,2,0.0002244668911335578
independent,2,0.0002244668911335578
optimization,2,0.0002244668911335578
filtration,2,0.0002244668911335578
already,2,0.0002244668911335578
creates,2,0.0002244668911335578
human,2,0.0002244668911335578
koninklijke,2,0.0002244668911335578
advice,2,0.0002244668911335578
former,2,0.0002244668911335578
malaysia,2,0.0002244668911335578
procurement,2,0.0002244668911335578
besides,2,0.0002244668911335578
premiums,2,0.0002244668911335578
close,2,0.0002244668911335578
information,2,0.0002244668911335578
steam,2,0.0002244668911335578
rtl,2,0.0002244668911335578
reached,2,0.0002244668911335578
upside,2,0.0002244668911335578
erik,2,0.0002244668911335578
fluctuate,2,0.0002244668911335578
separated,2,0.0002244668911335578
size,2,0.0002244668911335578
living,2,0.0002244668911335578
installations,2,0.0002244668911335578
plants,2,0.0002244668911335578
middle,2,0.0002244668911335578
specifications,2,0.0002244668911335578
goods,2,0.0002244668911335578
margin,2,0.0002244668911335578
becoming,2,0.0002244668911335578
chemical,2,0.0002244668911335578
fluctuations,2,0.0002244668911335578
rises,2,0.0002244668911335578
base,2,0.0002244668911335578
april,2,0.0002244668911335578
values,2,0.0002244668911335578
denmark,2,0.0002244668911335578
back,2,0.0002244668911335578
need,2,0.0002244668911335578
fourth,2,0.0002244668911335578
solid,2,0.0002244668911335578
tapes,2,0.0002244668911335578
nonwovens,2,0.0002244668911335578
driver,2,0.0002244668911335578
procedures,2,0.0002244668911335578
distributor,2,0.0002244668911335578
energyintensive,2,0.0002244668911335578
tents,2,0.0002244668911335578
responsible,2,0.0002244668911335578
investment,2,0.0002244668911335578
unidirectional,2,0.0002244668911335578
telephone,2,0.0002244668911335578
wide,2,0.0002244668911335578
plan,2,0.0002244668911335578
although,2,0.0002244668911335578
csc,2,0.0002244668911335578
separate,2,0.0002244668911335578
transferrelated,2,0.0002244668911335578
competition,2,0.0002244668911335578
composed,2,0.0002244668911335578
awning,2,0.0002244668911335578
form,2,0.0002244668911335578
test,2,0.0002244668911335578
supports,2,0.0002244668911335578
organized,2,0.0002244668911335578
reinforced,2,0.0002244668911335578
continuous,2,0.0002244668911335578
relating,2,0.0002244668911335578
revolving,2,0.0002244668911335578
traditional,2,0.0002244668911335578
services,2,0.0002244668911335578
across,2,0.0002244668911335578
budgets,2,0.0002244668911335578
inspections,2,0.0002244668911335578
half,2,0.0002244668911335578
previously,2,0.0002244668911335578
capability,2,0.0002244668911335578
associated,2,0.0002244668911335578
committee,2,0.0002244668911335578
prepregs,2,0.0002244668911335578
achieve,2,0.0002244668911335578
conduct,2,0.0002244668911335578
civil,2,0.0002244668911335578
decided,2,0.0002244668911335578
exercised,2,0.0002244668911335578
remuneration,2,0.0002244668911335578
integration,2,0.0002244668911335578
niches,2,0.0002244668911335578
organizational,2,0.0002244668911335578
shields,2,0.0002244668911335578
history,2,0.0002244668911335578
etc,2,0.0002244668911335578
potential,2,0.0002244668911335578
referred,2,0.0002244668911335578
license,2,0.0002244668911335578
supply,2,0.0002244668911335578
regard,2,0.0002244668911335578
excluding,2,0.0002244668911335578
candidates,2,0.0002244668911335578
unit,2,0.0002244668911335578
scale,2,0.0002244668911335578
focuses,2,0.0002244668911335578
concentrated,2,0.0002244668911335578
soccer,2,0.0002244668911335578
endorsed,2,0.0002244668911335578
female,2,0.0002244668911335578
executed,2,0.0002244668911335578
taking,2,0.0002244668911335578
adopted,2,0.0002244668911335578
demanding,2,0.0002244668911335578
creating,2,0.0002244668911335578
competences,2,0.0002244668911335578
awnings,2,0.0002244668911335578
contracts,2,0.0002244668911335578
orientation,2,0.0002244668911335578
duties,2,0.0002244668911335578
taken,2,0.0002244668911335578
provides,2,0.0002244668911335578
monitoring,2,0.0002244668911335578
clothing,2,0.0002244668911335578
whereas,2,0.0002244668911335578
quarter,2,0.0002244668911335578
expanding,2,0.0002244668911335578
blending,2,0.0002244668911335578
radomes,2,0.0002244668911335578
men,2,0.0002244668911335578
enduser,2,0.0002244668911335578
using,2,0.0002244668911335578
presently,2,0.0002244668911335578
decrease,2,0.0002244668911335578
model,2,0.0002244668911335578
stage,2,0.0002244668911335578
stichting,2,0.0002244668911335578
printed,2,0.0002244668911335578
appearance,2,0.0002244668911335578
subject,2,0.0002244668911335578
prevent,2,0.0002244668911335578
spanish,2,0.0002244668911335578
construction,2,0.0002244668911335578
whereby,2,0.0002244668911335578
offerings,2,0.0002244668911335578
monitor,2,0.0002244668911335578
competitiveness,2,0.0002244668911335578
case,2,0.0002244668911335578
revamped,2,0.0002244668911335578
functions,2,0.0002244668911335578
supplying,2,0.0002244668911335578
many,2,0.0002244668911335578
contractor,2,0.0002244668911335578
weak,2,0.0002244668911335578
line,2,0.0002244668911335578
efficient,2,0.0002244668911335578
defenserelated,2,0.0002244668911335578
point,2,0.0002244668911335578
economies,2,0.0002244668911335578
internally,2,0.0002244668911335578
offering,2,0.0002244668911335578
resulted,2,0.0002244668911335578
economical,2,0.0002244668911335578
medical,2,0.0002244668911335578
drainage,2,0.0002244668911335578
laundry,2,0.0002244668911335578
primary,2,0.0002244668911335578
category,2,0.0002244668911335578
consumed,2,0.0002244668911335578
employment,2,0.0002244668911335578
pay,2,0.0002244668911335578
always,2,0.0002244668911335578
expansion,2,0.0002244668911335578
brands,2,0.0002244668911335578
marine,2,0.0002244668911335578
speed,2,0.0002244668911335578
offset,2,0.0002244668911335578
set,2,0.0002244668911335578
gives,2,0.0002244668911335578
yarns,2,0.0002244668911335578
research,2,0.0002244668911335578
successful,2,0.0002244668911335578
furthermore,2,0.0002244668911335578
installers,2,0.0002244668911335578
environments,2,0.0002244668911335578
mature,2,0.0002244668911335578
carried,2,0.0002244668911335578
includes,2,0.0002244668911335578
website,2,0.0002244668911335578
wellbalanced,2,0.0002244668911335578
passed,2,0.0002244668911335578
australia,2,0.0002244668911335578
date,2,0.0002244668911335578
compared,2,0.0002244668911335578
staff,2,0.0002244668911335578
structured,2,0.0002244668911335578
emergency,2,0.0002244668911335578
shortages,2,0.0002244668911335578
awareness,2,0.0002244668911335578
present,2,0.0002244668911335578
amongst,2,0.0002244668911335578
enhance,2,0.0002244668911335578
art,2,0.0002244668911335578
externally,2,0.0002244668911335578
locations,2,0.0002244668911335578
regions,2,0.0002244668911335578
february,2,0.0002244668911335578
biogas,2,0.0002244668911335578
objective,2,0.0002244668911335578
plates,2,0.0002244668911335578
asia,2,0.0002244668911335578
introduction,2,0.0002244668911335578
impairment,2,0.0002244668911335578
initiated,2,0.0002244668911335578
transfer,2,0.0002244668911335578
vehiclespecific,1,0.0001122334455667789
sourced,1,0.0001122334455667789
aviationprivate,1,0.0001122334455667789
operationally,1,0.0001122334455667789
press,1,0.0001122334455667789
steen,1,0.0001122334455667789
dating,1,0.0001122334455667789
integrators,1,0.0001122334455667789
last,1,0.0001122334455667789
fragmented,1,0.0001122334455667789
except,1,0.0001122334455667789
committed,1,0.0001122334455667789
prime,1,0.0001122334455667789
modules,1,0.0001122334455667789
reaching,1,0.0001122334455667789
oost,1,0.0001122334455667789
ester,1,0.0001122334455667789
evaluated,1,0.0001122334455667789
whistleblower,1,0.0001122334455667789
amended,1,0.0001122334455667789
care,1,0.0001122334455667789
purposes,1,0.0001122334455667789
verver,1,0.0001122334455667789
newbuild,1,0.0001122334455667789
dissimilar,1,0.0001122334455667789
agreements,1,0.0001122334455667789
dayton,1,0.0001122334455667789
tigerturf,1,0.0001122334455667789
fit,1,0.0001122334455667789
objectives,1,0.0001122334455667789
museum,1,0.0001122334455667789
reflecting,1,0.0001122334455667789
qualifying,1,0.0001122334455667789
decorating,1,0.0001122334455667789
coo,1,0.0001122334455667789
primarette,1,0.0001122334455667789
liability,1,0.0001122334455667789
functionality,1,0.0001122334455667789
attractive,1,0.0001122334455667789
experience,1,0.0001122334455667789
customize,1,0.0001122334455667789
visibility,1,0.0001122334455667789
guangzhou,1,0.0001122334455667789
winter,1,0.0001122334455667789
arts,1,0.0001122334455667789
warming,1,0.0001122334455667789
function,1,0.0001122334455667789
cover,1,0.0001122334455667789
contrast,1,0.0001122334455667789
forum,1,0.0001122334455667789
enabled,1,0.0001122334455667789
bristol,1,0.0001122334455667789
nederland,1,0.0001122334455667789
exercise,1,0.0001122334455667789
gardening,1,0.0001122334455667789
driven,1,0.0001122334455667789
expenses,1,0.0001122334455667789
fabricated,1,0.0001122334455667789
cuttingedge,1,0.0001122334455667789
work,1,0.0001122334455667789
decline,1,0.0001122334455667789
adoption,1,0.0001122334455667789
cotton,1,0.0001122334455667789
able,1,0.0001122334455667789
fits,1,0.0001122334455667789
especiales,1,0.0001122334455667789
ministry,1,0.0001122334455667789
erpsystems,1,0.0001122334455667789
consent,1,0.0001122334455667789
experts,1,0.0001122334455667789
armoring,1,0.0001122334455667789
august,1,0.0001122334455667789
western,1,0.0001122334455667789
meaningful,1,0.0001122334455667789
increasing,1,0.0001122334455667789
authorization,1,0.0001122334455667789
morgan,1,0.0001122334455667789
iso,1,0.0001122334455667789
lifetime,1,0.0001122334455667789
landfill,1,0.0001122334455667789
division,1,0.0001122334455667789
carbonfree,1,0.0001122334455667789
historically,1,0.0001122334455667789
workforce,1,0.0001122334455667789
sells,1,0.0001122334455667789
retrofit,1,0.0001122334455667789
male,1,0.0001122334455667789
expect,1,0.0001122334455667789
collateral,1,0.0001122334455667789
rabobank,1,0.0001122334455667789
consulting,1,0.0001122334455667789
leads,1,0.0001122334455667789
abdsrelated,1,0.0001122334455667789
factors,1,0.0001122334455667789
safeguard,1,0.0001122334455667789
concern,1,0.0001122334455667789
mitigated,1,0.0001122334455667789
disruptions,1,0.0001122334455667789
fatalities,1,0.0001122334455667789
aerospacecertified,1,0.0001122334455667789
appointed,1,0.0001122334455667789
tasks,1,0.0001122334455667789
airbus,1,0.0001122334455667789
workers,1,0.0001122334455667789
sporting,1,0.0001122334455667789
armored,1,0.0001122334455667789
fm,1,0.0001122334455667789
rebuilding,1,0.0001122334455667789
rugby,1,0.0001122334455667789
enablers,1,0.0001122334455667789
equipped,1,0.0001122334455667789
reports,1,0.0001122334455667789
burlington,1,0.0001122334455667789
serves,1,0.0001122334455667789
ej,1,0.0001122334455667789
single,1,0.0001122334455667789
directors,1,0.0001122334455667789
processed,1,0.0001122334455667789
renowned,1,0.0001122334455667789
endorse,1,0.0001122334455667789
predominant,1,0.0001122334455667789
wholesale,1,0.0001122334455667789
assignments,1,0.0001122334455667789
providers,1,0.0001122334455667789
endeavors,1,0.0001122334455667789
elite,1,0.0001122334455667789
scope,1,0.0001122334455667789
scott,1,0.0001122334455667789
downsized,1,0.0001122334455667789
commodities,1,0.0001122334455667789
endproduct,1,0.0001122334455667789
dubai,1,0.0001122334455667789
loek,1,0.0001122334455667789
offered,1,0.0001122334455667789
messrs,1,0.0001122334455667789
membership,1,0.0001122334455667789
handling,1,0.0001122334455667789
emea,1,0.0001122334455667789
forefront,1,0.0001122334455667789
emirates,1,0.0001122334455667789
quarters,1,0.0001122334455667789
equipment,1,0.0001122334455667789
forming,1,0.0001122334455667789
gradually,1,0.0001122334455667789
unger,1,0.0001122334455667789
incinerated,1,0.0001122334455667789
slightly,1,0.0001122334455667789
transferred,1,0.0001122334455667789
factory,1,0.0001122334455667789
albeit,1,0.0001122334455667789
vrienden,1,0.0001122334455667789
conventional,1,0.0001122334455667789
acceptance,1,0.0001122334455667789
singapore,1,0.0001122334455667789
heldforsale,1,0.0001122334455667789
either,1,0.0001122334455667789
types,1,0.0001122334455667789
hartstichting,1,0.0001122334455667789
rating,1,0.0001122334455667789
provisions,1,0.0001122334455667789
coming,1,0.0001122334455667789
designed,1,0.0001122334455667789
improvements,1,0.0001122334455667789
refer,1,0.0001122334455667789
lead,1,0.0001122334455667789
modernization,1,0.0001122334455667789
satellites,1,0.0001122334455667789
treated,1,0.0001122334455667789
dewatering,1,0.0001122334455667789
perform,1,0.0001122334455667789
chinese,1,0.0001122334455667789
different,1,0.0001122334455667789
renewed,1,0.0001122334455667789
sa,1,0.0001122334455667789
pillars,1,0.0001122334455667789
flows,1,0.0001122334455667789
ramping,1,0.0001122334455667789
ethics,1,0.0001122334455667789
cm,1,0.0001122334455667789
remains,1,0.0001122334455667789
supportive,1,0.0001122334455667789
regaining,1,0.0001122334455667789
macroeconomic,1,0.0001122334455667789
ending,1,0.0001122334455667789
puts,1,0.0001122334455667789
multiyear,1,0.0001122334455667789
normal,1,0.0001122334455667789
luxury,1,0.0001122334455667789
fallback,1,0.0001122334455667789
principal,1,0.0001122334455667789
road,1,0.0001122334455667789
consistent,1,0.0001122334455667789
labor,1,0.0001122334455667789
millions,1,0.0001122334455667789
relevant,1,0.0001122334455667789
randstad,1,0.0001122334455667789
deliveries,1,0.0001122334455667789
hebron,1,0.0001122334455667789
controls,1,0.0001122334455667789
purpose,1,0.0001122334455667789
wally,1,0.0001122334455667789
discharged,1,0.0001122334455667789
highvolume,1,0.0001122334455667789
highways,1,0.0001122334455667789
without,1,0.0001122334455667789
dependent,1,0.0001122334455667789
depends,1,0.0001122334455667789
times,1,0.0001122334455667789
family,1,0.0001122334455667789
teekens,1,0.0001122334455667789
mediumscale,1,0.0001122334455667789
usability,1,0.0001122334455667789
skills,1,0.0001122334455667789
become,1,0.0001122334455667789
proportion,1,0.0001122334455667789
delayed,1,0.0001122334455667789
protect,1,0.0001122334455667789
certain,1,0.0001122334455667789
costeffective,1,0.0001122334455667789
wilfred,1,0.0001122334455667789
sludge,1,0.0001122334455667789
isocertified,1,0.0001122334455667789
twice,1,0.0001122334455667789
changed,1,0.0001122334455667789
enabling,1,0.0001122334455667789
bulk,1,0.0001122334455667789
rh,1,0.0001122334455667789
inform,1,0.0001122334455667789
shareholders,1,0.0001122334455667789
partners,1,0.0001122334455667789
earliest,1,0.0001122334455667789
otherwise,1,0.0001122334455667789
fulfill,1,0.0001122334455667789
hours,1,0.0001122334455667789
strict,1,0.0001122334455667789
came,1,0.0001122334455667789
breakdown,1,0.0001122334455667789
email,1,0.0001122334455667789
spend,1,0.0001122334455667789
extrusion,1,0.0001122334455667789
gain,1,0.0001122334455667789
medicalorthotic,1,0.0001122334455667789
withholding,1,0.0001122334455667789
ceased,1,0.0001122334455667789
consolidating,1,0.0001122334455667789
utilization,1,0.0001122334455667789
apollo,1,0.0001122334455667789
occurred,1,0.0001122334455667789
stork,1,0.0001122334455667789
give,1,0.0001122334455667789
transportation,1,0.0001122334455667789
tanderup,1,0.0001122334455667789
containing,1,0.0001122334455667789
lag,1,0.0001122334455667789
unqualified,1,0.0001122334455667789
agricultural,1,0.0001122334455667789
receiving,1,0.0001122334455667789
mix,1,0.0001122334455667789
cco,1,0.0001122334455667789
attributable,1,0.0001122334455667789
past,1,0.0001122334455667789
getkate,1,0.0001122334455667789
diverse,1,0.0001122334455667789
letter,1,0.0001122334455667789
mark,1,0.0001122334455667789
investigated,1,0.0001122334455667789
containment,1,0.0001122334455667789
totaling,1,0.0001122334455667789
believe,1,0.0001122334455667789
decoration,1,0.0001122334455667789
constitutes,1,0.0001122334455667789
ecological,1,0.0001122334455667789
shoreline,1,0.0001122334455667789
mobility,1,0.0001122334455667789
approval,1,0.0001122334455667789
budget,1,0.0001122334455667789
treatment,1,0.0001122334455667789
double,1,0.0001122334455667789
regulatory,1,0.0001122334455667789
handed,1,0.0001122334455667789
gd,1,0.0001122334455667789
lost,1,0.0001122334455667789
validated,1,0.0001122334455667789
geotextiles,1,0.0001122334455667789
region,1,0.0001122334455667789
incidents,1,0.0001122334455667789
safeguards,1,0.0001122334455667789
engineeringrelated,1,0.0001122334455667789
declining,1,0.0001122334455667789
substantially,1,0.0001122334455667789
laminate,1,0.0001122334455667789
importantly,1,0.0001122334455667789
lesser,1,0.0001122334455667789
nonartificial,1,0.0001122334455667789
wearing,1,0.0001122334455667789
obras,1,0.0001122334455667789
vries,1,0.0001122334455667789
proven,1,0.0001122334455667789
respectively,1,0.0001122334455667789
governments,1,0.0001122334455667789
profitability,1,0.0001122334455667789
decision,1,0.0001122334455667789
gross,1,0.0001122334455667789
installing,1,0.0001122334455667789
qualities,1,0.0001122334455667789
evaluation,1,0.0001122334455667789
target,1,0.0001122334455667789
insured,1,0.0001122334455667789
comprise,1,0.0001122334455667789
fine,1,0.0001122334455667789
rules,1,0.0001122334455667789
priorities,1,0.0001122334455667789
participating,1,0.0001122334455667789
latter,1,0.0001122334455667789
responsiveness,1,0.0001122334455667789
relatively,1,0.0001122334455667789
never,1,0.0001122334455667789
created,1,0.0001122334455667789
geotube,1,0.0001122334455667789
wanting,1,0.0001122334455667789
eu,1,0.0001122334455667789
dyeing,1,0.0001122334455667789
generating,1,0.0001122334455667789
occasion,1,0.0001122334455667789
cyanate,1,0.0001122334455667789
patents,1,0.0001122334455667789
institutions,1,0.0001122334455667789
finally,1,0.0001122334455667789
met,1,0.0001122334455667789
build,1,0.0001122334455667789
groep,1,0.0001122334455667789
assistance,1,0.0001122334455667789
difference,1,0.0001122334455667789
intellectual,1,0.0001122334455667789
drive,1,0.0001122334455667789
rapid,1,0.0001122334455667789
southwest,1,0.0001122334455667789
century,1,0.0001122334455667789
scoped,1,0.0001122334455667789
affairs,1,0.0001122334455667789
hard,1,0.0001122334455667789
revitalized,1,0.0001122334455667789
endeavor,1,0.0001122334455667789
boeing,1,0.0001122334455667789
reduced,1,0.0001122334455667789
priced,1,0.0001122334455667789
camping,1,0.0001122334455667789
divisions,1,0.0001122334455667789
glamping,1,0.0001122334455667789
outsourced,1,0.0001122334455667789
ecommerce,1,0.0001122334455667789
disproportionate,1,0.0001122334455667789
declaring,1,0.0001122334455667789
today,1,0.0001122334455667789
transaction,1,0.0001122334455667789
ieds,1,0.0001122334455667789
absent,1,0.0001122334455667789
storms,1,0.0001122334455667789
ratio,1,0.0001122334455667789
make,1,0.0001122334455667789
impede,1,0.0001122334455667789
satisfies,1,0.0001122334455667789
importance,1,0.0001122334455667789
moore,1,0.0001122334455667789
michael,1,0.0001122334455667789
funded,1,0.0001122334455667789
countries,1,0.0001122334455667789
bmi,1,0.0001122334455667789
recyclable,1,0.0001122334455667789
sustainably,1,0.0001122334455667789
third,1,0.0001122334455667789
beginning,1,0.0001122334455667789
certifications,1,0.0001122334455667789
vacancies,1,0.0001122334455667789
second,1,0.0001122334455667789
potentially,1,0.0001122334455667789
university,1,0.0001122334455667789
molten,1,0.0001122334455667789
extensive,1,0.0001122334455667789
aramid,1,0.0001122334455667789
documentation,1,0.0001122334455667789
sciences,1,0.0001122334455667789
uses,1,0.0001122334455667789
sign,1,0.0001122334455667789
landfills,1,0.0001122334455667789
jcm,1,0.0001122334455667789
find,1,0.0001122334455667789
de,1,0.0001122334455667789
margins,1,0.0001122334455667789
vital,1,0.0001122334455667789
acquire,1,0.0001122334455667789
ensures,1,0.0001122334455667789
assets,1,0.0001122334455667789
effective,1,0.0001122334455667789
frequently,1,0.0001122334455667789
exposure,1,0.0001122334455667789
optimally,1,0.0001122334455667789
carbon,1,0.0001122334455667789
expertise,1,0.0001122334455667789
aerospacegrade,1,0.0001122334455667789
resistant,1,0.0001122334455667789
recognized,1,0.0001122334455667789
context,1,0.0001122334455667789
jhl,1,0.0001122334455667789
asiapacific,1,0.0001122334455667789
utilities,1,0.0001122334455667789
rooted,1,0.0001122334455667789
mitigate,1,0.0001122334455667789
identity,1,0.0001122334455667789
cto,1,0.0001122334455667789
decreasing,1,0.0001122334455667789
nl,1,0.0001122334455667789
unusually,1,0.0001122334455667789
transparency,1,0.0001122334455667789
automobile,1,0.0001122334455667789
fuel,1,0.0001122334455667789
ongoing,1,0.0001122334455667789
leveraged,1,0.0001122334455667789
apac,1,0.0001122334455667789
power,1,0.0001122334455667789
delisting,1,0.0001122334455667789
guarantees,1,0.0001122334455667789
representing,1,0.0001122334455667789
ballistic,1,0.0001122334455667789
numerous,1,0.0001122334455667789
equal,1,0.0001122334455667789
arab,1,0.0001122334455667789
entering,1,0.0001122334455667789
scandal,1,0.0001122334455667789
orthotic,1,0.0001122334455667789
coordinating,1,0.0001122334455667789
headquartered,1,0.0001122334455667789
fastgrowing,1,0.0001122334455667789
stability,1,0.0001122334455667789
marketleading,1,0.0001122334455667789
preventive,1,0.0001122334455667789
vissenbjerg,1,0.0001122334455667789
managing,1,0.0001122334455667789
hazardous,1,0.0001122334455667789
nationality,1,0.0001122334455667789
fabric,1,0.0001122334455667789
goal,1,0.0001122334455667789
qualitydriven,1,0.0001122334455667789
fiberreinforced,1,0.0001122334455667789
making,1,0.0001122334455667789
erosion,1,0.0001122334455667789
took,1,0.0001122334455667789
implemented,1,0.0001122334455667789
reinforcement,1,0.0001122334455667789
initiative,1,0.0001122334455667789
endproducts,1,0.0001122334455667789
bring,1,0.0001122334455667789
floods,1,0.0001122334455667789
release,1,0.0001122334455667789
unmanned,1,0.0001122334455667789
contents,1,0.0001122334455667789
introduce,1,0.0001122334455667789
nonflame,1,0.0001122334455667789
select,1,0.0001122334455667789
grassexe,1,0.0001122334455667789
location,1,0.0001122334455667789
particularly,1,0.0001122334455667789
promise,1,0.0001122334455667789
source,1,0.0001122334455667789
practice,1,0.0001122334455667789
coneutral,1,0.0001122334455667789
buy,1,0.0001122334455667789
right,1,0.0001122334455667789
insights,1,0.0001122334455667789
integrity,1,0.0001122334455667789
person,1,0.0001122334455667789
undesirable,1,0.0001122334455667789
intercompany,1,0.0001122334455667789
occupies,1,0.0001122334455667789
jointly,1,0.0001122334455667789
take,1,0.0001122334455667789
determined,1,0.0001122334455667789
collective,1,0.0001122334455667789
customary,1,0.0001122334455667789
vest,1,0.0001122334455667789
proximity,1,0.0001122334455667789
arranged,1,0.0001122334455667789
arise,1,0.0001122334455667789
delaying,1,0.0001122334455667789
pensions,1,0.0001122334455667789
designs,1,0.0001122334455667789
briefly,1,0.0001122334455667789
efforts,1,0.0001122334455667789
choice,1,0.0001122334455667789
cashflow,1,0.0001122334455667789
appropriate,1,0.0001122334455667789
hostile,1,0.0001122334455667789
goleta,1,0.0001122334455667789
desire,1,0.0001122334455667789
home,1,0.0001122334455667789
delivers,1,0.0001122334455667789
accountants,1,0.0001122334455667789
expressed,1,0.0001122334455667789
fashion,1,0.0001122334455667789
megatrends,1,0.0001122334455667789
actively,1,0.0001122334455667789
psv,1,0.0001122334455667789
frames,1,0.0001122334455667789
innovativeness,1,0.0001122334455667789
cycle,1,0.0001122334455667789
liable,1,0.0001122334455667789
terminate,1,0.0001122334455667789
suitable,1,0.0001122334455667789
dependable,1,0.0001122334455667789
october,1,0.0001122334455667789
multi,1,0.0001122334455667789
spinning,1,0.0001122334455667789
schedules,1,0.0001122334455667789
jam,1,0.0001122334455667789
women,1,0.0001122334455667789
percentage,1,0.0001122334455667789
hesitantly,1,0.0001122334455667789
knowhow,1,0.0001122334455667789
facing,1,0.0001122334455667789
indistinguishable,1,0.0001122334455667789
financings,1,0.0001122334455667789
j,1,0.0001122334455667789
satellitecommunications,1,0.0001122334455667789
currency,1,0.0001122334455667789
export,1,0.0001122334455667789
laundries,1,0.0001122334455667789
mentioned,1,0.0001122334455667789
starting,1,0.0001122334455667789
offers,1,0.0001122334455667789
governed,1,0.0001122334455667789
christman,1,0.0001122334455667789
start,1,0.0001122334455667789
resigned,1,0.0001122334455667789
endusers,1,0.0001122334455667789
selfevaluation,1,0.0001122334455667789
installation,1,0.0001122334455667789
teleplan,1,0.0001122334455667789
railways,1,0.0001122334455667789
conserve,1,0.0001122334455667789
relates,1,0.0001122334455667789
geographic,1,0.0001122334455667789
implying,1,0.0001122334455667789
ability,1,0.0001122334455667789
underlying,1,0.0001122334455667789
improving,1,0.0001122334455667789
organizations,1,0.0001122334455667789
found,1,0.0001122334455667789
emerging,1,0.0001122334455667789
adjacent,1,0.0001122334455667789
intermediate,1,0.0001122334455667789
levels,1,0.0001122334455667789
identify,1,0.0001122334455667789
data,1,0.0001122334455667789
disasters,1,0.0001122334455667789
soil,1,0.0001122334455667789
meurs,1,0.0001122334455667789
consolidation,1,0.0001122334455667789
relocate,1,0.0001122334455667789
extended,1,0.0001122334455667789
contributions,1,0.0001122334455667789
managers,1,0.0001122334455667789
expert,1,0.0001122334455667789
decreased,1,0.0001122334455667789
developing,1,0.0001122334455667789
attained,1,0.0001122334455667789
smarket,1,0.0001122334455667789
tufting,1,0.0001122334455667789
woven,1,0.0001122334455667789
sportsdriven,1,0.0001122334455667789
controllers,1,0.0001122334455667789
less,1,0.0001122334455667789
explosion,1,0.0001122334455667789
durability,1,0.0001122334455667789
layout,1,0.0001122334455667789
final,1,0.0001122334455667789
counterparty,1,0.0001122334455667789
spectrum,1,0.0001122334455667789
owns,1,0.0001122334455667789
deployed,1,0.0001122334455667789
released,1,0.0001122334455667789
import,1,0.0001122334455667789
representation,1,0.0001122334455667789
zealand,1,0.0001122334455667789
described,1,0.0001122334455667789
mead,1,0.0001122334455667789
retention,1,0.0001122334455667789
belgium,1,0.0001122334455667789
respond,1,0.0001122334455667789
longterm,1,0.0001122334455667789
responsibility,1,0.0001122334455667789
intrinsic,1,0.0001122334455667789
lifecycle,1,0.0001122334455667789
site,1,0.0001122334455667789
drelated,1,0.0001122334455667789
highpurity,1,0.0001122334455667789
additional,1,0.0001122334455667789
gave,1,0.0001122334455667789
recommend,1,0.0001122334455667789
unrest,1,0.0001122334455667789
called,1,0.0001122334455667789
liquidate,1,0.0001122334455667789
prices,1,0.0001122334455667789
announcement,1,0.0001122334455667789
reputation,1,0.0001122334455667789
hold,1,0.0001122334455667789
parties,1,0.0001122334455667789
success,1,0.0001122334455667789
perceived,1,0.0001122334455667789
complement,1,0.0001122334455667789
aftersales,1,0.0001122334455667789
agriculture,1,0.0001122334455667789
inventory,1,0.0001122334455667789
usage,1,0.0001122334455667789
equipping,1,0.0001122334455667789
warehouse,1,0.0001122334455667789
biodegradable,1,0.0001122334455667789
armed,1,0.0001122334455667789
optimizing,1,0.0001122334455667789
pavimentos,1,0.0001122334455667789
educational,1,0.0001122334455667789
buoyant,1,0.0001122334455667789
actions,1,0.0001122334455667789
acts,1,0.0001122334455667789
pensioenfonds,1,0.0001122334455667789
entails,1,0.0001122334455667789
heat,1,0.0001122334455667789
insurance,1,0.0001122334455667789
acknowledges,1,0.0001122334455667789
highest,1,0.0001122334455667789
life,1,0.0001122334455667789
expanded,1,0.0001122334455667789
covered,1,0.0001122334455667789
understanding,1,0.0001122334455667789
eurodenominated,1,0.0001122334455667789
selling,1,0.0001122334455667789
involved,1,0.0001122334455667789
canadian,1,0.0001122334455667789
hrrelated,1,0.0001122334455667789
fairfield,1,0.0001122334455667789
small,1,0.0001122334455667789
turnkey,1,0.0001122334455667789
amendment,1,0.0001122334455667789
deviations,1,0.0001122334455667789
principles,1,0.0001122334455667789
breadth,1,0.0001122334455667789
shortage,1,0.0001122334455667789
rise,1,0.0001122334455667789
canada,1,0.0001122334455667789
fjam,1,0.0001122334455667789
f,1,0.0001122334455667789
perspective,1,0.0001122334455667789
ohio,1,0.0001122334455667789
science,1,0.0001122334455667789
tools,1,0.0001122334455667789
producer,1,0.0001122334455667789
fifa,1,0.0001122334455667789
largest,1,0.0001122334455667789
rob,1,0.0001122334455667789
st,1,0.0001122334455667789
ease,1,0.0001122334455667789
prepared,1,0.0001122334455667789
walls,1,0.0001122334455667789
trailer,1,0.0001122334455667789
manner,1,0.0001122334455667789
emeritus,1,0.0001122334455667789
terajoules,1,0.0001122334455667789
keep,1,0.0001122334455667789
stronger,1,0.0001122334455667789
hill,1,0.0001122334455667789
events,1,0.0001122334455667789
nonrenewable,1,0.0001122334455667789
wwwtencatecom,1,0.0001122334455667789
table,1,0.0001122334455667789
esthetics,1,0.0001122334455667789
tencatecom,1,0.0001122334455667789
property,1,0.0001122334455667789
hereby,1,0.0001122334455667789
oce,1,0.0001122334455667789
broader,1,0.0001122334455667789
retaining,1,0.0001122334455667789
attached,1,0.0001122334455667789
appointment,1,0.0001122334455667789
accepted,1,0.0001122334455667789
intensive,1,0.0001122334455667789
professional,1,0.0001122334455667789
sectors,1,0.0001122334455667789
increasingly,1,0.0001122334455667789
commitment,1,0.0001122334455667789
portal,1,0.0001122334455667789
combined,1,0.0001122334455667789
approvals,1,0.0001122334455667789
nato,1,0.0001122334455667789
others,1,0.0001122334455667789
exchange,1,0.0001122334455667789
volumes,1,0.0001122334455667789
employing,1,0.0001122334455667789
occasions,1,0.0001122334455667789
thermoplastics,1,0.0001122334455667789
glass,1,0.0001122334455667789
society,1,0.0001122334455667789
additionally,1,0.0001122334455667789
political,1,0.0001122334455667789
steve,1,0.0001122334455667789
network,1,0.0001122334455667789
vogel,1,0.0001122334455667789
vary,1,0.0001122334455667789
modified,1,0.0001122334455667789
drop,1,0.0001122334455667789
wind,1,0.0001122334455667789
saving,1,0.0001122334455667789
customized,1,0.0001122334455667789
independence,1,0.0001122334455667789
euros,1,0.0001122334455667789
wound,1,0.0001122334455667789
audited,1,0.0001122334455667789
qualifies,1,0.0001122334455667789
deliver,1,0.0001122334455667789
stands,1,0.0001122334455667789
privately,1,0.0001122334455667789
yearend,1,0.0001122334455667789
note,1,0.0001122334455667789
concentrates,1,0.0001122334455667789
shares,1,0.0001122334455667789
geotechnical,1,0.0001122334455667789
resins,1,0.0001122334455667789
aspect,1,0.0001122334455667789
cooperate,1,0.0001122334455667789
teylers,1,0.0001122334455667789
gilde,1,0.0001122334455667789
blast,1,0.0001122334455667789
distribution,1,0.0001122334455667789
critical,1,0.0001122334455667789
begun,1,0.0001122334455667789
toxic,1,0.0001122334455667789
accordance,1,0.0001122334455667789
picked,1,0.0001122334455667789
smart,1,0.0001122334455667789
strengthens,1,0.0001122334455667789
formed,1,0.0001122334455667789
aerospacefocused,1,0.0001122334455667789
divided,1,0.0001122334455667789
accountability,1,0.0001122334455667789
langley,1,0.0001122334455667789
player,1,0.0001122334455667789
currently,1,0.0001122334455667789
faster,1,0.0001122334455667789
sent,1,0.0001122334455667789
serving,1,0.0001122334455667789
earthquakes,1,0.0001122334455667789
oem,1,0.0001122334455667789
satisfy,1,0.0001122334455667789
remainder,1,0.0001122334455667789
epoxy,1,0.0001122334455667789
parcom,1,0.0001122334455667789
capacity,1,0.0001122334455667789
forms,1,0.0001122334455667789
accelerate,1,0.0001122334455667789
held,1,0.0001122334455667789
carries,1,0.0001122334455667789
enhancing,1,0.0001122334455667789
manager,1,0.0001122334455667789
vertically,1,0.0001122334455667789
chemicals,1,0.0001122334455667789
industrywide,1,0.0001122334455667789
flames,1,0.0001122334455667789
deteriorating,1,0.0001122334455667789
uniform,1,0.0001122334455667789
olsen,1,0.0001122334455667789
applicable,1,0.0001122334455667789
sufficiently,1,0.0001122334455667789
fixed,1,0.0001122334455667789
hl,1,0.0001122334455667789
enjoying,1,0.0001122334455667789
circular,1,0.0001122334455667789
stated,1,0.0001122334455667789
consist,1,0.0001122334455667789
adherence,1,0.0001122334455667789
austria,1,0.0001122334455667789
restructurings,1,0.0001122334455667789
fire,1,0.0001122334455667789
occur,1,0.0001122334455667789
conducted,1,0.0001122334455667789
multiple,1,0.0001122334455667789
vredestein,1,0.0001122334455667789
decentralization,1,0.0001122334455667789
georgia,1,0.0001122334455667789
difficult,1,0.0001122334455667789
insurer,1,0.0001122334455667789
foundation,1,0.0001122334455667789
professor,1,0.0001122334455667789
resource,1,0.0001122334455667789
combines,1,0.0001122334455667789
ahead,1,0.0001122334455667789
ontario,1,0.0001122334455667789
shows,1,0.0001122334455667789
advantages,1,0.0001122334455667789
commodity,1,0.0001122334455667789
modint,1,0.0001122334455667789
stephen,1,0.0001122334455667789
therefore,1,0.0001122334455667789
launched,1,0.0001122334455667789
littauer,1,0.0001122334455667789
hightemperature,1,0.0001122334455667789
arrangements,1,0.0001122334455667789
economy,1,0.0001122334455667789
nederlandse,1,0.0001122334455667789
constructies,1,0.0001122334455667789
selecting,1,0.0001122334455667789
qualification,1,0.0001122334455667789
top,1,0.0001122334455667789
marketed,1,0.0001122334455667789
hydroelectricity,1,0.0001122334455667789
contexts,1,0.0001122334455667789
expects,1,0.0001122334455667789
differs,1,0.0001122334455667789
elements,1,0.0001122334455667789
recurring,1,0.0001122334455667789
received,1,0.0001122334455667789
degree,1,0.0001122334455667789
stationsstraat,1,0.0001122334455667789
introduced,1,0.0001122334455667789
moderate,1,0.0001122334455667789
enterprise,1,0.0001122334455667789
unexpected,1,0.0001122334455667789
employer,1,0.0001122334455667789
slopes,1,0.0001122334455667789
alternatives,1,0.0001122334455667789
para,1,0.0001122334455667789
benefits,1,0.0001122334455667789
areas,1,0.0001122334455667789
exposed,1,0.0001122334455667789
cosmetic,1,0.0001122334455667789
reesink,1,0.0001122334455667789
deals,1,0.0001122334455667789
produce,1,0.0001122334455667789
installed,1,0.0001122334455667789
tenderdriven,1,0.0001122334455667789
supplies,1,0.0001122334455667789
holds,1,0.0001122334455667789
zerotolerance,1,0.0001122334455667789
weaving,1,0.0001122334455667789
fast,1,0.0001122334455667789
recycling,1,0.0001122334455667789
tuning,1,0.0001122334455667789
locally,1,0.0001122334455667789
practices,1,0.0001122334455667789
tapestry,1,0.0001122334455667789
cater,1,0.0001122334455667789
broadest,1,0.0001122334455667789
processor,1,0.0001122334455667789
vicechairman,1,0.0001122334455667789
guidelines,1,0.0001122334455667789
conducts,1,0.0001122334455667789
electrical,1,0.0001122334455667789
tested,1,0.0001122334455667789
steepened,1,0.0001122334455667789
loans,1,0.0001122334455667789
summary,1,0.0001122334455667789
ideal,1,0.0001122334455667789
naval,1,0.0001122334455667789
highly,1,0.0001122334455667789
capitalized,1,0.0001122334455667789
camarillo,1,0.0001122334455667789
public,1,0.0001122334455667789
optimize,1,0.0001122334455667789
unused,1,0.0001122334455667789
included,1,0.0001122334455667789
ceelen,1,0.0001122334455667789
tailormade,1,0.0001122334455667789
combining,1,0.0001122334455667789
put,1,0.0001122334455667789
halt,1,0.0001122334455667789
indicates,1,0.0001122334455667789
dynamics,1,0.0001122334455667789
showed,1,0.0001122334455667789
ground,1,0.0001122334455667789
provider,1,0.0001122334455667789
separately,1,0.0001122334455667789
nature,1,0.0001122334455667789
could,1,0.0001122334455667789
loterij,1,0.0001122334455667789
following,1,0.0001122334455667789
splashes,1,0.0001122334455667789
transferring,1,0.0001122334455667789
cases,1,0.0001122334455667789
kpmg,1,0.0001122334455667789
l,1,0.0001122334455667789
bt,1,0.0001122334455667789
communication,1,0.0001122334455667789
widely,1,0.0001122334455667789
mill,1,0.0001122334455667789
postbus,1,0.0001122334455667789
adopting,1,0.0001122334455667789
certified,1,0.0001122334455667789
ip,1,0.0001122334455667789
updated,1,0.0001122334455667789
german,1,0.0001122334455667789
president,1,0.0001122334455667789
ecommercebased,1,0.0001122334455667789
recreational,1,0.0001122334455667789
loan,1,0.0001122334455667789
might,1,0.0001122334455667789
come,1,0.0001122334455667789
laws,1,0.0001122334455667789
simplifying,1,0.0001122334455667789
existing,1,0.0001122334455667789
nascent,1,0.0001122334455667789
vertical,1,0.0001122334455667789
renewable,1,0.0001122334455667789
issued,1,0.0001122334455667789
content,1,0.0001122334455667789
wishes,1,0.0001122334455667789
limitations,1,0.0001122334455667789
seeks,1,0.0001122334455667789
problems,1,0.0001122334455667789
completely,1,0.0001122334455667789
carrying,1,0.0001122334455667789
solar,1,0.0001122334455667789
temperature,1,0.0001122334455667789
reliability,1,0.0001122334455667789
achieved,1,0.0001122334455667789
show,1,0.0001122334455667789
options,1,0.0001122334455667789
manufacturer,1,0.0001122334455667789
maintenance,1,0.0001122334455667789
consultative,1,0.0001122334455667789
brand,1,0.0001122334455667789
arcs,1,0.0001122334455667789
flemish,1,0.0001122334455667789
finished,1,0.0001122334455667789
marketplace,1,0.0001122334455667789
restored,1,0.0001122334455667789
functionalities,1,0.0001122334455667789
wet,1,0.0001122334455667789
customerspecific,1,0.0001122334455667789
invest,1,0.0001122334455667789
resilience,1,0.0001122334455667789
functioning,1,0.0001122334455667789
cooperation,1,0.0001122334455667789
ruled,1,0.0001122334455667789
formulated,1,0.0001122334455667789
counterterrorism,1,0.0001122334455667789
hedging,1,0.0001122334455667789
uncertain,1,0.0001122334455667789
pressure,1,0.0001122334455667789
sluyter,1,0.0001122334455667789
fulfilling,1,0.0001122334455667789
consequences,1,0.0001122334455667789
metal,1,0.0001122334455667789
culture,1,0.0001122334455667789
prone,1,0.0001122334455667789
coordinated,1,0.0001122334455667789
typically,1,0.0001122334455667789
destocking,1,0.0001122334455667789
flameretardant,1,0.0001122334455667789
excellence,1,0.0001122334455667789
prescribes,1,0.0001122334455667789
constantly,1,0.0001122334455667789
spain,1,0.0001122334455667789
midsingle,1,0.0001122334455667789
situations,1,0.0001122334455667789
effected,1,0.0001122334455667789
contributed,1,0.0001122334455667789
