word,count,tf,document_count,idf,tf-idf
azl,45,0.0166358595194085,1.0,2.3978952727983707,0.03989104890052742
jaarbeeld,15,0.005545286506469501,1.0,2.3978952727983707,0.013297016300175808
procesgerichte,7,0.002587800369685767,3.0,1.2992829841302609,0.0033622849866587158
themasessies,5,0.0018484288354898336,2.0,1.7047480922384253,0.0031511055309397878
pensioenadministratie,6,0.0022181146025878,3.0,1.2992829841302609,0.0028819585599931846
uitvoerder,3,0.0011090573012939,1.0,2.3978952727983707,0.0026594032600351612
optimalisaties,3,0.0011090573012939,1.0,2.3978952727983707,0.0026594032600351612
onze,72,0.026617375231053602,10.0,0.09531017980432493,0.0025369068191909037
pensioenmarkt,5,0.0018484288354898336,3.0,1.2992829841302609,0.002401632133327654
speelveld,3,0.0011090573012939,2.0,1.7047480922384253,0.0018906633185638727
klanten,25,0.009242144177449169,9.0,0.20067069546215124,0.0018546274996501964
relatiedag,2,0.0007393715341959334,1.0,2.3978952727983707,0.0017729355066901076
klantenportefeuille,2,0.0007393715341959334,1.0,2.3978952727983707,0.0017729355066901076
bpfl,2,0.0007393715341959334,1.0,2.3978952727983707,0.0017729355066901076
verbindende,2,0.0007393715341959334,1.0,2.3978952727983707,0.0017729355066901076
netwerkpartner,2,0.0007393715341959334,1.0,2.3978952727983707,0.0017729355066901076
wikkelingen,2,0.0007393715341959334,1.0,2.3978952727983707,0.0017729355066901076
pensioenfondsen,6,0.0022181146025878,5.0,0.7884573603642703,0.0017488887845418194
bedrijfstakpensioenfonds,4,0.0014787430683918669,4.0,1.0116009116784799,0.0014958978361234452
verzuim,5,0.0018484288354898336,5.0,0.7884573603642703,0.0014574073204515162
profiteren,3,0.0011090573012939,3.0,1.2992829841302609,0.0014409792799965923
nn,3,0.0011090573012939,3.0,1.2992829841302609,0.0014409792799965923
pensioenuitvoerder,2,0.0007393715341959334,2.0,1.7047480922384253,0.001260442212375915
centraliseren,2,0.0007393715341959334,2.0,1.7047480922384253,0.001260442212375915
upa,2,0.0007393715341959334,2.0,1.7047480922384253,0.001260442212375915
innovatiethema,2,0.0007393715341959334,2.0,1.7047480922384253,0.001260442212375915
varianten,2,0.0007393715341959334,2.0,1.7047480922384253,0.001260442212375915
fondsmanagers,2,0.0007393715341959334,2.0,1.7047480922384253,0.001260442212375915
apf,2,0.0007393715341959334,2.0,1.7047480922384253,0.001260442212375915
synergie,2,0.0007393715341959334,2.0,1.7047480922384253,0.001260442212375915
vijftig,2,0.0007393715341959334,2.0,1.7047480922384253,0.001260442212375915
verbinding,7,0.002587800369685767,7.0,0.4519851237430572,0.0011696472703147506
professionaliseren,3,0.0011090573012939,4.0,1.0116009116784799,0.0011219233770925839
gedigitaliseerd,2,0.0007393715341959334,3.0,1.2992829841302609,0.0009606528533310616
wendbaar,2,0.0007393715341959334,3.0,1.2992829841302609,0.0009606528533310616
medewerkerstevredenheid,2,0.0007393715341959334,3.0,1.2992829841302609,0.0009606528533310616
werkplek,2,0.0007393715341959334,3.0,1.2992829841302609,0.0009606528533310616
speler,2,0.0007393715341959334,3.0,1.2992829841302609,0.0009606528533310616
klantcontact,2,0.0007393715341959334,3.0,1.2992829841302609,0.0009606528533310616
verwelkomen,2,0.0007393715341959334,3.0,1.2992829841302609,0.0009606528533310616
ont,2,0.0007393715341959334,3.0,1.2992829841302609,0.0009606528533310616
lean,2,0.0007393715341959334,3.0,1.2992829841302609,0.0009606528533310616
punten,4,0.0014787430683918669,6.0,0.6061358035703155,0.0008963191180337382
pensioencontract,1,0.0003696857670979667,1.0,2.3978952727983707,0.0008864677533450538
pensioenadministrateur,1,0.0003696857670979667,1.0,2.3978952727983707,0.0008864677533450538
itinvesteringen,1,0.0003696857670979667,1.0,2.3978952727983707,0.0008864677533450538
voortdu,1,0.0003696857670979667,1.0,2.3978952727983707,0.0008864677533450538
individua,1,0.0003696857670979667,1.0,2.3978952727983707,0.0008864677533450538
tieinitiatieven,1,0.0003696857670979667,1.0,2.3978952727983707,0.0008864677533450538
vastgehouden,1,0.0003696857670979667,1.0,2.3978952727983707,0.0008864677533450538
rondetafelsessies,1,0.0003696857670979667,1.0,2.3978952727983707,0.0008864677533450538
selfservice,1,0.0003696857670979667,1.0,2.3978952727983707,0.0008864677533450538
unisys,1,0.0003696857670979667,1.0,2.3978952727983707,0.0008864677533450538
intimacy,1,0.0003696857670979667,1.0,2.3978952727983707,0.0008864677533450538
dcgedeelte,1,0.0003696857670979667,1.0,2.3978952727983707,0.0008864677533450538
pluimveevlees,1,0.0003696857670979667,1.0,2.3978952727983707,0.0008864677533450538
zovelen,1,0.0003696857670979667,1.0,2.3978952727983707,0.0008864677533450538
bedrijfspensioenfonds,1,0.0003696857670979667,1.0,2.3978952727983707,0.0008864677533450538
toekomstbestendigheid,1,0.0003696857670979667,1.0,2.3978952727983707,0.0008864677533450538
notificatieproces,1,0.0003696857670979667,1.0,2.3978952727983707,0.0008864677533450538
voorwerk,1,0.0003696857670979667,1.0,2.3978952727983707,0.0008864677533450538
jarenplanning,1,0.0003696857670979667,1.0,2.3978952727983707,0.0008864677533450538
functiespecialisaties,1,0.0003696857670979667,1.0,2.3978952727983707,0.0008864677533450538
gezekerd,1,0.0003696857670979667,1.0,2.3978952727983707,0.0008864677533450538
verzend,1,0.0003696857670979667,1.0,2.3978952727983707,0.0008864677533450538
besturingslaag,1,0.0003696857670979667,1.0,2.3978952727983707,0.0008864677533450538
uitkeringenadministratie,1,0.0003696857670979667,1.0,2.3978952727983707,0.0008864677533450538
bestuursbureau,1,0.0003696857670979667,1.0,2.3978952727983707,0.0008864677533450538
verwelkomden,1,0.0003696857670979667,1.0,2.3978952727983707,0.0008864677533450538
vierden,1,0.0003696857670979667,1.0,2.3978952727983707,0.0008864677533450538
desgewenst,1,0.0003696857670979667,1.0,2.3978952727983707,0.0008864677533450538
vlep,1,0.0003696857670979667,1.0,2.3978952727983707,0.0008864677533450538
verbeterplannen,1,0.0003696857670979667,1.0,2.3978952727983707,0.0008864677533450538
originalz,1,0.0003696857670979667,1.0,2.3978952727983707,0.0008864677533450538
trueblue,1,0.0003696857670979667,1.0,2.3978952727983707,0.0008864677533450538
margegroei,1,0.0003696857670979667,1.0,2.3978952727983707,0.0008864677533450538
bespro,1,0.0003696857670979667,1.0,2.3978952727983707,0.0008864677533450538
nnip,1,0.0003696857670979667,1.0,2.3978952727983707,0.0008864677533450538
voorliggen,1,0.0003696857670979667,1.0,2.3978952727983707,0.0008864677533450538
digitaliseringsgraad,1,0.0003696857670979667,1.0,2.3978952727983707,0.0008864677533450538
ensioensector,1,0.0003696857670979667,1.0,2.3978952727983707,0.0008864677533450538
bepa,1,0.0003696857670979667,1.0,2.3978952727983707,0.0008864677533450538
rend,1,0.0003696857670979667,1.0,2.3978952727983707,0.0008864677533450538
tencate,1,0.0003696857670979667,1.0,2.3978952727983707,0.0008864677533450538
soepeler,1,0.0003696857670979667,1.0,2.3978952727983707,0.0008864677533450538
stij,1,0.0003696857670979667,1.0,2.3978952727983707,0.0008864677533450538
schommelt,1,0.0003696857670979667,1.0,2.3978952727983707,0.0008864677533450538
contactmomenten,1,0.0003696857670979667,1.0,2.3978952727983707,0.0008864677533450538
pazl,1,0.0003696857670979667,1.0,2.3978952727983707,0.0008864677533450538
azlsystemen,1,0.0003696857670979667,1.0,2.3978952727983707,0.0008864677533450538
brightlands,1,0.0003696857670979667,1.0,2.3978952727983707,0.0008864677533450538
pensioenspeelveld,1,0.0003696857670979667,1.0,2.3978952727983707,0.0008864677533450538
toekomstbesten,1,0.0003696857670979667,1.0,2.3978952727983707,0.0008864677533450538
onkenhout,1,0.0003696857670979667,1.0,2.3978952727983707,0.0008864677533450538
archiverings,1,0.0003696857670979667,1.0,2.3978952727983707,0.0008864677533450538
procesmatige,1,0.0003696857670979667,1.0,2.3978952727983707,0.0008864677533450538
maatwerkmogelijkheden,1,0.0003696857670979667,1.0,2.3978952727983707,0.0008864677533450538
pensioenfond,1,0.0003696857670979667,1.0,2.3978952727983707,0.0008864677533450538
uitvoerbaarheidsdialoog,1,0.0003696857670979667,1.0,2.3978952727983707,0.0008864677533450538
opvoer,1,0.0003696857670979667,1.0,2.3978952727983707,0.0008864677533450538
yearly,1,0.0003696857670979667,1.0,2.3978952727983707,0.0008864677533450538
synergievoordeel,1,0.0003696857670979667,1.0,2.3978952727983707,0.0008864677533450538
kostenposten,1,0.0003696857670979667,1.0,2.3978952727983707,0.0008864677533450538
tapijten,1,0.0003696857670979667,1.0,2.3978952727983707,0.0008864677533450538
mitt,1,0.0003696857670979667,1.0,2.3978952727983707,0.0008864677533450538
hoofdconclusie,1,0.0003696857670979667,1.0,2.3978952727983707,0.0008864677533450538
pensioenbeheerder,1,0.0003696857670979667,1.0,2.3978952727983707,0.0008864677533450538
binnenvaart,1,0.0003696857670979667,1.0,2.3978952727983707,0.0008864677533450538
innova,1,0.0003696857670979667,1.0,2.3978952727983707,0.0008864677533450538
hoogwaardig,1,0.0003696857670979667,1.0,2.3978952727983707,0.0008864677533450538
spreadsheetbeleid,1,0.0003696857670979667,1.0,2.3978952727983707,0.0008864677533450538
leanprogramma,1,0.0003696857670979667,1.0,2.3978952727983707,0.0008864677533450538
tuin,1,0.0003696857670979667,1.0,2.3978952727983707,0.0008864677533450538
procesaanpassingen,1,0.0003696857670979667,1.0,2.3978952727983707,0.0008864677533450538
bijbeho,1,0.0003696857670979667,1.0,2.3978952727983707,0.0008864677533450538
yesenqute,1,0.0003696857670979667,1.0,2.3978952727983707,0.0008864677533450538
stopbrieven,1,0.0003696857670979667,1.0,2.3978952727983707,0.0008864677533450538
vleeswaren,1,0.0003696857670979667,1.0,2.3978952727983707,0.0008864677533450538
versturen,1,0.0003696857670979667,1.0,2.3978952727983707,0.0008864677533450538
takpensioenfondsen,1,0.0003696857670979667,1.0,2.3978952727983707,0.0008864677533450538
salarisadministratiepakketten,1,0.0003696857670979667,1.0,2.3978952727983707,0.0008864677533450538
deelnemersportal,1,0.0003696857670979667,1.0,2.3978952727983707,0.0008864677533450538
pensioenregister,1,0.0003696857670979667,1.0,2.3978952727983707,0.0008864677533450538
stp,1,0.0003696857670979667,1.0,2.3978952727983707,0.0008864677533450538
vijftigjarig,1,0.0003696857670979667,1.0,2.3978952727983707,0.0008864677533450538
rijnen,1,0.0003696857670979667,1.0,2.3978952727983707,0.0008864677533450538
textielindustrie,1,0.0003696857670979667,1.0,2.3978952727983707,0.0008864677533450538
specialisaties,1,0.0003696857670979667,1.0,2.3978952727983707,0.0008864677533450538
opontwikkelingen,1,0.0003696857670979667,1.0,2.3978952727983707,0.0008864677533450538
uitwijk,1,0.0003696857670979667,1.0,2.3978952727983707,0.0008864677533450538
gekanteld,1,0.0003696857670979667,1.0,2.3978952727983707,0.0008864677533450538
aanlevering,1,0.0003696857670979667,1.0,2.3978952727983707,0.0008864677533450538
mccain,1,0.0003696857670979667,1.0,2.3978952727983707,0.0008864677533450538
kwaliteitsbijdrage,1,0.0003696857670979667,1.0,2.3978952727983707,0.0008864677533450538
transitiemanagement,1,0.0003696857670979667,1.0,2.3978952727983707,0.0008864677533450538
azljaarbeeld,1,0.0003696857670979667,1.0,2.3978952727983707,0.0008864677533450538
gemaksvoeding,1,0.0003696857670979667,1.0,2.3978952727983707,0.0008864677533450538
band,1,0.0003696857670979667,1.0,2.3978952727983707,0.0008864677533450538
jaaropgave,1,0.0003696857670979667,1.0,2.3978952727983707,0.0008864677533450538
dwijnen,1,0.0003696857670979667,1.0,2.3978952727983707,0.0008864677533450538
informatiepakketten,1,0.0003696857670979667,1.0,2.3978952727983707,0.0008864677533450538
listischer,1,0.0003696857670979667,1.0,2.3978952727983707,0.0008864677533450538
transformatie,3,0.0011090573012939,5.0,0.7884573603642703,0.0008744443922709097
pagina,7,0.002587800369685767,8.0,0.3184537311185346,0.0008240946831163557
geoptimaliseerd,2,0.0007393715341959334,4.0,1.0116009116784799,0.0007479489180617226
opgestart,2,0.0007393715341959334,4.0,1.0116009116784799,0.0007479489180617226
dynamische,2,0.0007393715341959334,4.0,1.0116009116784799,0.0007479489180617226
itinfrastructuur,2,0.0007393715341959334,4.0,1.0116009116784799,0.0007479489180617226
medewerkers,10,0.0036968576709796672,9.0,0.20067069546215124,0.0007418509998600785
pensioen,6,0.0022181146025878,8.0,0.3184537311185346,0.0007063668712425905
vooruit,3,0.0011090573012939,6.0,0.6061358035703155,0.0006722393385253036
voortdurende,3,0.0011090573012939,6.0,0.6061358035703155,0.0006722393385253036
avg,3,0.0011090573012939,6.0,0.6061358035703155,0.0006722393385253036
implementatie,4,0.0014787430683918669,7.0,0.4519851237430572,0.000668369868751286
voorbereiding,4,0.0014787430683918669,7.0,0.4519851237430572,0.000668369868751286
manier,9,0.003327171903881701,9.0,0.20067069546215124,0.0006676658998740708
bovenal,1,0.0003696857670979667,2.0,1.7047480922384253,0.0006302211061879576
verkenning,1,0.0003696857670979667,2.0,1.7047480922384253,0.0006302211061879576
doorslag,1,0.0003696857670979667,2.0,1.7047480922384253,0.0006302211061879576
voorspelbare,1,0.0003696857670979667,2.0,1.7047480922384253,0.0006302211061879576
fases,1,0.0003696857670979667,2.0,1.7047480922384253,0.0006302211061879576
dig,1,0.0003696857670979667,2.0,1.7047480922384253,0.0006302211061879576
bediening,1,0.0003696857670979667,2.0,1.7047480922384253,0.0006302211061879576
kundige,1,0.0003696857670979667,2.0,1.7047480922384253,0.0006302211061879576
adviesbureau,1,0.0003696857670979667,2.0,1.7047480922384253,0.0006302211061879576
lend,1,0.0003696857670979667,2.0,1.7047480922384253,0.0006302211061879576
collectiviteit,1,0.0003696857670979667,2.0,1.7047480922384253,0.0006302211061879576
multiclient,1,0.0003696857670979667,2.0,1.7047480922384253,0.0006302211061879576
vulde,1,0.0003696857670979667,2.0,1.7047480922384253,0.0006302211061879576
retention,1,0.0003696857670979667,2.0,1.7047480922384253,0.0006302211061879576
campus,1,0.0003696857670979667,2.0,1.7047480922384253,0.0006302211061879576
voorsprong,1,0.0003696857670979667,2.0,1.7047480922384253,0.0006302211061879576
stelselherziening,1,0.0003696857670979667,2.0,1.7047480922384253,0.0006302211061879576
berichtenbox,1,0.0003696857670979667,2.0,1.7047480922384253,0.0006302211061879576
blijf,1,0.0003696857670979667,2.0,1.7047480922384253,0.0006302211061879576
hybride,1,0.0003696857670979667,2.0,1.7047480922384253,0.0006302211061879576
toekomstvastheid,1,0.0003696857670979667,2.0,1.7047480922384253,0.0006302211061879576
transformeren,1,0.0003696857670979667,2.0,1.7047480922384253,0.0006302211061879576
organisatieinrichting,1,0.0003696857670979667,2.0,1.7047480922384253,0.0006302211061879576
pensioenstelsel,1,0.0003696857670979667,2.0,1.7047480922384253,0.0006302211061879576
blik,1,0.0003696857670979667,2.0,1.7047480922384253,0.0006302211061879576
schaalvoordelen,1,0.0003696857670979667,2.0,1.7047480922384253,0.0006302211061879576
buigen,1,0.0003696857670979667,2.0,1.7047480922384253,0.0006302211061879576
cocreatie,1,0.0003696857670979667,2.0,1.7047480922384253,0.0006302211061879576
blikken,1,0.0003696857670979667,2.0,1.7047480922384253,0.0006302211061879576
keken,1,0.0003696857670979667,2.0,1.7047480922384253,0.0006302211061879576
vlees,1,0.0003696857670979667,2.0,1.7047480922384253,0.0006302211061879576
opschaling,1,0.0003696857670979667,2.0,1.7047480922384253,0.0006302211061879576
deskundige,1,0.0003696857670979667,2.0,1.7047480922384253,0.0006302211061879576
pensioenaangifte,1,0.0003696857670979667,2.0,1.7047480922384253,0.0006302211061879576
verdwijnen,1,0.0003696857670979667,2.0,1.7047480922384253,0.0006302211061879576
pensioenonderwerpen,1,0.0003696857670979667,2.0,1.7047480922384253,0.0006302211061879576
uniformeren,1,0.0003696857670979667,2.0,1.7047480922384253,0.0006302211061879576
doorrekening,1,0.0003696857670979667,2.0,1.7047480922384253,0.0006302211061879576
uitgegroeid,1,0.0003696857670979667,2.0,1.7047480922384253,0.0006302211061879576
mode,1,0.0003696857670979667,2.0,1.7047480922384253,0.0006302211061879576
softwareleveranciers,1,0.0003696857670979667,2.0,1.7047480922384253,0.0006302211061879576
palet,1,0.0003696857670979667,2.0,1.7047480922384253,0.0006302211061879576
liquidaties,1,0.0003696857670979667,2.0,1.7047480922384253,0.0006302211061879576
toekomstvaste,1,0.0003696857670979667,2.0,1.7047480922384253,0.0006302211061879576
meren,1,0.0003696857670979667,2.0,1.7047480922384253,0.0006302211061879576
rende,1,0.0003696857670979667,2.0,1.7047480922384253,0.0006302211061879576
klantteams,1,0.0003696857670979667,2.0,1.7047480922384253,0.0006302211061879576
db,1,0.0003696857670979667,2.0,1.7047480922384253,0.0006302211061879576
interieur,1,0.0003696857670979667,2.0,1.7047480922384253,0.0006302211061879576
breidde,1,0.0003696857670979667,2.0,1.7047480922384253,0.0006302211061879576
transfor,1,0.0003696857670979667,2.0,1.7047480922384253,0.0006302211061879576
rol,8,0.0029574861367837337,9.0,0.20067069546215124,0.0005934807998880628
innovatie,8,0.0029574861367837337,9.0,0.20067069546215124,0.0005934807998880628
samen,8,0.0029574861367837337,9.0,0.20067069546215124,0.0005934807998880628
deelnemers,8,0.0029574861367837337,9.0,0.20067069546215124,0.0005934807998880628
ingericht,5,0.0018484288354898336,8.0,0.3184537311185346,0.0005886390593688255
doelgroepen,2,0.0007393715341959334,5.0,0.7884573603642703,0.0005829629281806065
gaf,2,0.0007393715341959334,5.0,0.7884573603642703,0.0005829629281806065
stroomlijnen,2,0.0007393715341959334,5.0,0.7884573603642703,0.0005829629281806065
beheerste,2,0.0007393715341959334,5.0,0.7884573603642703,0.0005829629281806065
geborgd,2,0.0007393715341959334,5.0,0.7884573603642703,0.0005829629281806065
trajecten,2,0.0007393715341959334,5.0,0.7884573603642703,0.0005829629281806065
aantal,15,0.005545286506469501,10.0,0.09531017980432493,0.000528522253998105
omzet,7,0.002587800369685767,9.0,0.20067069546215124,0.000519295699902055
gezonde,3,0.0011090573012939,7.0,0.4519851237430572,0.0005012774015634645
pensioenfonds,3,0.0011090573012939,7.0,0.4519851237430572,0.0005012774015634645
initiatieven,3,0.0011090573012939,7.0,0.4519851237430572,0.0005012774015634645
daarvoor,3,0.0011090573012939,7.0,0.4519851237430572,0.0005012774015634645
organisatie,14,0.005175600739371534,10.0,0.09531017980432493,0.000493287437064898
nieuwe,14,0.005175600739371534,10.0,0.09531017980432493,0.000493287437064898
koploper,1,0.0003696857670979667,3.0,1.2992829841302609,0.0004803264266655308
grondig,1,0.0003696857670979667,3.0,1.2992829841302609,0.0004803264266655308
ouderschapsverlof,1,0.0003696857670979667,3.0,1.2992829841302609,0.0004803264266655308
part,1,0.0003696857670979667,3.0,1.2992829841302609,0.0004803264266655308
overstap,1,0.0003696857670979667,3.0,1.2992829841302609,0.0004803264266655308
moeder,1,0.0003696857670979667,3.0,1.2992829841302609,0.0004803264266655308
opstarten,1,0.0003696857670979667,3.0,1.2992829841302609,0.0004803264266655308
vasthouden,1,0.0003696857670979667,3.0,1.2992829841302609,0.0004803264266655308
survey,1,0.0003696857670979667,3.0,1.2992829841302609,0.0004803264266655308
onduidelijk,1,0.0003696857670979667,3.0,1.2992829841302609,0.0004803264266655308
nood,1,0.0003696857670979667,3.0,1.2992829841302609,0.0004803264266655308
rekencentrum,1,0.0003696857670979667,3.0,1.2992829841302609,0.0004803264266655308
transities,1,0.0003696857670979667,3.0,1.2992829841302609,0.0004803264266655308
excellence,1,0.0003696857670979667,3.0,1.2992829841302609,0.0004803264266655308
liquidatie,1,0.0003696857670979667,3.0,1.2992829841302609,0.0004803264266655308
rekeningcourantverhouding,1,0.0003696857670979667,3.0,1.2992829841302609,0.0004803264266655308
deelnemerscommunicatie,1,0.0003696857670979667,3.0,1.2992829841302609,0.0004803264266655308
fundament,1,0.0003696857670979667,3.0,1.2992829841302609,0.0004803264266655308
waardeoverdracht,1,0.0003696857670979667,3.0,1.2992829841302609,0.0004803264266655308
ondernemingspensioenfondsen,1,0.0003696857670979667,3.0,1.2992829841302609,0.0004803264266655308
generieke,1,0.0003696857670979667,3.0,1.2992829841302609,0.0004803264266655308
toekomstvast,1,0.0003696857670979667,3.0,1.2992829841302609,0.0004803264266655308
levensmiddelenbedrijf,1,0.0003696857670979667,3.0,1.2992829841302609,0.0004803264266655308
veranderend,1,0.0003696857670979667,3.0,1.2992829841302609,0.0004803264266655308
migratie,1,0.0003696857670979667,3.0,1.2992829841302609,0.0004803264266655308
turbulente,1,0.0003696857670979667,3.0,1.2992829841302609,0.0004803264266655308
marktaandeel,1,0.0003696857670979667,3.0,1.2992829841302609,0.0004803264266655308
bart,1,0.0003696857670979667,3.0,1.2992829841302609,0.0004803264266655308
calamiteiten,1,0.0003696857670979667,3.0,1.2992829841302609,0.0004803264266655308
piek,1,0.0003696857670979667,3.0,1.2992829841302609,0.0004803264266655308
ontzorgen,1,0.0003696857670979667,3.0,1.2992829841302609,0.0004803264266655308
administratief,1,0.0003696857670979667,3.0,1.2992829841302609,0.0004803264266655308
speerpunten,1,0.0003696857670979667,3.0,1.2992829841302609,0.0004803264266655308
gevoel,1,0.0003696857670979667,3.0,1.2992829841302609,0.0004803264266655308
ser,1,0.0003696857670979667,3.0,1.2992829841302609,0.0004803264266655308
optrekken,1,0.0003696857670979667,3.0,1.2992829841302609,0.0004803264266655308
daalde,1,0.0003696857670979667,3.0,1.2992829841302609,0.0004803264266655308
gelijksoortige,1,0.0003696857670979667,3.0,1.2992829841302609,0.0004803264266655308
procesverbeteringen,1,0.0003696857670979667,3.0,1.2992829841302609,0.0004803264266655308
directievoorzitter,1,0.0003696857670979667,3.0,1.2992829841302609,0.0004803264266655308
gehoord,1,0.0003696857670979667,3.0,1.2992829841302609,0.0004803264266655308
raet,1,0.0003696857670979667,3.0,1.2992829841302609,0.0004803264266655308
pensioenoverzicht,1,0.0003696857670979667,3.0,1.2992829841302609,0.0004803264266655308
eenvoud,1,0.0003696857670979667,3.0,1.2992829841302609,0.0004803264266655308
pensioensector,1,0.0003696857670979667,3.0,1.2992829841302609,0.0004803264266655308
pensioenuitvoeringsorganisatie,1,0.0003696857670979667,3.0,1.2992829841302609,0.0004803264266655308
oa,1,0.0003696857670979667,3.0,1.2992829841302609,0.0004803264266655308
jubileum,1,0.0003696857670979667,3.0,1.2992829841302609,0.0004803264266655308
rijkste,1,0.0003696857670979667,3.0,1.2992829841302609,0.0004803264266655308
gebruikelijk,1,0.0003696857670979667,3.0,1.2992829841302609,0.0004803264266655308
verandert,4,0.0014787430683918669,8.0,0.3184537311185346,0.0004709112474950604
realiseren,4,0.0014787430683918669,8.0,0.3184537311185346,0.0004709112474950604
onderlinge,4,0.0014787430683918669,8.0,0.3184537311185346,0.0004709112474950604
inspelen,2,0.0007393715341959334,6.0,0.6061358035703155,0.0004481595590168691
bespreken,2,0.0007393715341959334,6.0,0.6061358035703155,0.0004481595590168691
verplichte,2,0.0007393715341959334,6.0,0.6061358035703155,0.0004481595590168691
verkennen,2,0.0007393715341959334,6.0,0.6061358035703155,0.0004481595590168691
vooruitblik,2,0.0007393715341959334,6.0,0.6061358035703155,0.0004481595590168691
voorwoord,2,0.0007393715341959334,6.0,0.6061358035703155,0.0004481595590168691
investeren,6,0.0022181146025878,9.0,0.20067069546215124,0.0004451105999160471
komende,6,0.0022181146025878,9.0,0.20067069546215124,0.0004451105999160471
transitie,6,0.0022181146025878,9.0,0.20067069546215124,0.0004451105999160471
groei,6,0.0022181146025878,9.0,0.20067069546215124,0.0004451105999160471
wij,12,0.0044362292051756,10.0,0.09531017980432493,0.000422817803198484
bedrijfstak,1,0.0003696857670979667,4.0,1.0116009116784799,0.0003739744590308613
bedrijfscultuur,1,0.0003696857670979667,4.0,1.0116009116784799,0.0003739744590308613
bedrijfstakpensioenfondsen,1,0.0003696857670979667,4.0,1.0116009116784799,0.0003739744590308613
benadrukken,1,0.0003696857670979667,4.0,1.0116009116784799,0.0003739744590308613
ooit,1,0.0003696857670979667,4.0,1.0116009116784799,0.0003739744590308613
sen,1,0.0003696857670979667,4.0,1.0116009116784799,0.0003739744590308613
spelers,1,0.0003696857670979667,4.0,1.0116009116784799,0.0003739744590308613
robuustheid,1,0.0003696857670979667,4.0,1.0116009116784799,0.0003739744590308613
garant,1,0.0003696857670979667,4.0,1.0116009116784799,0.0003739744590308613
liquiditeitsbehoefte,1,0.0003696857670979667,4.0,1.0116009116784799,0.0003739744590308613
wendbaarder,1,0.0003696857670979667,4.0,1.0116009116784799,0.0003739744590308613
werkte,1,0.0003696857670979667,4.0,1.0116009116784799,0.0003739744590308613
verbeterprogramma,1,0.0003696857670979667,4.0,1.0116009116784799,0.0003739744590308613
straks,1,0.0003696857670979667,4.0,1.0116009116784799,0.0003739744590308613
opge,1,0.0003696857670979667,4.0,1.0116009116784799,0.0003739744590308613
keuzevrijheid,1,0.0003696857670979667,4.0,1.0116009116784799,0.0003739744590308613
kleinschalige,1,0.0003696857670979667,4.0,1.0116009116784799,0.0003739744590308613
stijgt,1,0.0003696857670979667,4.0,1.0116009116784799,0.0003739744590308613
uitstekende,1,0.0003696857670979667,4.0,1.0116009116784799,0.0003739744590308613
partnerships,1,0.0003696857670979667,4.0,1.0116009116784799,0.0003739744590308613
stabiliteit,1,0.0003696857670979667,4.0,1.0116009116784799,0.0003739744590308613
ken,1,0.0003696857670979667,4.0,1.0116009116784799,0.0003739744590308613
adequaat,1,0.0003696857670979667,4.0,1.0116009116784799,0.0003739744590308613
slagkracht,1,0.0003696857670979667,4.0,1.0116009116784799,0.0003739744590308613
meerwaarde,1,0.0003696857670979667,4.0,1.0116009116784799,0.0003739744590308613
financieren,1,0.0003696857670979667,4.0,1.0116009116784799,0.0003739744590308613
houding,1,0.0003696857670979667,4.0,1.0116009116784799,0.0003739744590308613
startups,1,0.0003696857670979667,4.0,1.0116009116784799,0.0003739744590308613
respons,1,0.0003696857670979667,4.0,1.0116009116784799,0.0003739744590308613
engagement,1,0.0003696857670979667,4.0,1.0116009116784799,0.0003739744590308613
groeide,1,0.0003696857670979667,4.0,1.0116009116784799,0.0003739744590308613
gelijkblijvende,1,0.0003696857670979667,4.0,1.0116009116784799,0.0003739744590308613
onveranderd,1,0.0003696857670979667,4.0,1.0116009116784799,0.0003739744590308613
email,1,0.0003696857670979667,4.0,1.0116009116784799,0.0003739744590308613
afm,1,0.0003696857670979667,4.0,1.0116009116784799,0.0003739744590308613
pilots,1,0.0003696857670979667,4.0,1.0116009116784799,0.0003739744590308613
klantgerichte,1,0.0003696857670979667,4.0,1.0116009116784799,0.0003739744590308613
investment,1,0.0003696857670979667,4.0,1.0116009116784799,0.0003739744590308613
begeleiden,1,0.0003696857670979667,4.0,1.0116009116784799,0.0003739744590308613
stichting,5,0.0018484288354898336,9.0,0.20067069546215124,0.00037092549993003924
centrale,5,0.0018484288354898336,9.0,0.20067069546215124,0.00037092549993003924
bedrijf,3,0.0011090573012939,8.0,0.3184537311185346,0.00035318343562129524
aanpak,3,0.0011090573012939,8.0,0.3184537311185346,0.00035318343562129524
fondsen,3,0.0011090573012939,8.0,0.3184537311185346,0.00035318343562129524
voeren,3,0.0011090573012939,8.0,0.3184537311185346,0.00035318343562129524
sterk,3,0.0011090573012939,8.0,0.3184537311185346,0.00035318343562129524
klanttevredenheid,3,0.0011090573012939,8.0,0.3184537311185346,0.00035318343562129524
beweging,3,0.0011090573012939,8.0,0.3184537311185346,0.00035318343562129524
miljoen,10,0.0036968576709796672,10.0,0.09531017980432493,0.00035234816933207
denken,2,0.0007393715341959334,7.0,0.4519851237430572,0.000334184934375643
testen,2,0.0007393715341959334,7.0,0.4519851237430572,0.000334184934375643
betrokkenheid,2,0.0007393715341959334,7.0,0.4519851237430572,0.000334184934375643
nationale,2,0.0007393715341959334,7.0,0.4519851237430572,0.000334184934375643
actieve,2,0.0007393715341959334,7.0,0.4519851237430572,0.000334184934375643
vele,2,0.0007393715341959334,7.0,0.4519851237430572,0.000334184934375643
voelen,2,0.0007393715341959334,7.0,0.4519851237430572,0.000334184934375643
gegevensbescherming,2,0.0007393715341959334,7.0,0.4519851237430572,0.000334184934375643
opgeleverd,2,0.0007393715341959334,7.0,0.4519851237430572,0.000334184934375643
concrete,2,0.0007393715341959334,7.0,0.4519851237430572,0.000334184934375643
administratie,2,0.0007393715341959334,7.0,0.4519851237430572,0.000334184934375643
ziekteverzuim,2,0.0007393715341959334,7.0,0.4519851237430572,0.000334184934375643
kosten,9,0.003327171903881701,10.0,0.09531017980432493,0.00031711335239886307
werken,9,0.003327171903881701,10.0,0.09531017980432493,0.00031711335239886307
blijven,9,0.003327171903881701,10.0,0.09531017980432493,0.00031711335239886307
verder,9,0.003327171903881701,10.0,0.09531017980432493,0.00031711335239886307
voorbereid,4,0.0014787430683918669,9.0,0.20067069546215124,0.0002967403999440314
betekent,4,0.0014787430683918669,9.0,0.20067069546215124,0.0002967403999440314
klant,4,0.0014787430683918669,9.0,0.20067069546215124,0.0002967403999440314
verwachten,4,0.0014787430683918669,9.0,0.20067069546215124,0.0002967403999440314
daarom,4,0.0014787430683918669,9.0,0.20067069546215124,0.0002967403999440314
administraties,1,0.0003696857670979667,5.0,0.7884573603642703,0.00029148146409030325
geformaliseerd,1,0.0003696857670979667,5.0,0.7884573603642703,0.00029148146409030325
koppeling,1,0.0003696857670979667,5.0,0.7884573603642703,0.00029148146409030325
nps,1,0.0003696857670979667,5.0,0.7884573603642703,0.00029148146409030325
waarbinnen,1,0.0003696857670979667,5.0,0.7884573603642703,0.00029148146409030325
kwalitatief,1,0.0003696857670979667,5.0,0.7884573603642703,0.00029148146409030325
efficintere,1,0.0003696857670979667,5.0,0.7884573603642703,0.00029148146409030325
inhoudelijke,1,0.0003696857670979667,5.0,0.7884573603642703,0.00029148146409030325
vervolgstappen,1,0.0003696857670979667,5.0,0.7884573603642703,0.00029148146409030325
uniforme,1,0.0003696857670979667,5.0,0.7884573603642703,0.00029148146409030325
organisatiestructuur,1,0.0003696857670979667,5.0,0.7884573603642703,0.00029148146409030325
itomgeving,1,0.0003696857670979667,5.0,0.7884573603642703,0.00029148146409030325
verlopen,1,0.0003696857670979667,5.0,0.7884573603642703,0.00029148146409030325
robuust,1,0.0003696857670979667,5.0,0.7884573603642703,0.00029148146409030325
record,1,0.0003696857670979667,5.0,0.7884573603642703,0.00029148146409030325
momenten,1,0.0003696857670979667,5.0,0.7884573603642703,0.00029148146409030325
eenduidige,1,0.0003696857670979667,5.0,0.7884573603642703,0.00029148146409030325
efficiency,1,0.0003696857670979667,5.0,0.7884573603642703,0.00029148146409030325
stemmen,1,0.0003696857670979667,5.0,0.7884573603642703,0.00029148146409030325
focussen,1,0.0003696857670979667,5.0,0.7884573603642703,0.00029148146409030325
uniek,1,0.0003696857670979667,5.0,0.7884573603642703,0.00029148146409030325
afscheid,1,0.0003696857670979667,5.0,0.7884573603642703,0.00029148146409030325
marge,1,0.0003696857670979667,5.0,0.7884573603642703,0.00029148146409030325
portefeuille,1,0.0003696857670979667,5.0,0.7884573603642703,0.00029148146409030325
executie,1,0.0003696857670979667,5.0,0.7884573603642703,0.00029148146409030325
geautomatiseerd,1,0.0003696857670979667,5.0,0.7884573603642703,0.00029148146409030325
professionalisering,1,0.0003696857670979667,5.0,0.7884573603642703,0.00029148146409030325
rechtstreekse,1,0.0003696857670979667,5.0,0.7884573603642703,0.00029148146409030325
jaren,8,0.0029574861367837337,10.0,0.09531017980432493,0.000281878535465656
moeten,8,0.0029574861367837337,10.0,0.09531017980432493,0.000281878535465656
tevredenheid,2,0.0007393715341959334,8.0,0.3184537311185346,0.0002354556237475302
jaarlijkse,2,0.0007393715341959334,8.0,0.3184537311185346,0.0002354556237475302
projecten,2,0.0007393715341959334,8.0,0.3184537311185346,0.0002354556237475302
stelsel,2,0.0007393715341959334,8.0,0.3184537311185346,0.0002354556237475302
kleine,2,0.0007393715341959334,8.0,0.3184537311185346,0.0002354556237475302
genomen,2,0.0007393715341959334,8.0,0.3184537311185346,0.0002354556237475302
hadden,2,0.0007393715341959334,8.0,0.3184537311185346,0.0002354556237475302
group,2,0.0007393715341959334,8.0,0.3184537311185346,0.0002354556237475302
lopen,2,0.0007393715341959334,8.0,0.3184537311185346,0.0002354556237475302
meten,2,0.0007393715341959334,8.0,0.3184537311185346,0.0002354556237475302
consolidatie,2,0.0007393715341959334,8.0,0.3184537311185346,0.0002354556237475302
voordelen,2,0.0007393715341959334,8.0,0.3184537311185346,0.0002354556237475302
uiteindelijk,2,0.0007393715341959334,8.0,0.3184537311185346,0.0002354556237475302
bestuurders,2,0.0007393715341959334,8.0,0.3184537311185346,0.0002354556237475302
gemiddelde,2,0.0007393715341959334,8.0,0.3184537311185346,0.0002354556237475302
afgerond,2,0.0007393715341959334,8.0,0.3184537311185346,0.0002354556237475302
benoemd,1,0.0003696857670979667,6.0,0.6061358035703155,0.00022407977950843455
opvolging,1,0.0003696857670979667,6.0,0.6061358035703155,0.00022407977950843455
isae,1,0.0003696857670979667,6.0,0.6061358035703155,0.00022407977950843455
partnership,1,0.0003696857670979667,6.0,0.6061358035703155,0.00022407977950843455
optimale,1,0.0003696857670979667,6.0,0.6061358035703155,0.00022407977950843455
snelle,1,0.0003696857670979667,6.0,0.6061358035703155,0.00022407977950843455
technisch,1,0.0003696857670979667,6.0,0.6061358035703155,0.00022407977950843455
gedegen,1,0.0003696857670979667,6.0,0.6061358035703155,0.00022407977950843455
vervolg,1,0.0003696857670979667,6.0,0.6061358035703155,0.00022407977950843455
directieleden,1,0.0003696857670979667,6.0,0.6061358035703155,0.00022407977950843455
gekeken,1,0.0003696857670979667,6.0,0.6061358035703155,0.00022407977950843455
zet,1,0.0003696857670979667,6.0,0.6061358035703155,0.00022407977950843455
landelijke,1,0.0003696857670979667,6.0,0.6061358035703155,0.00022407977950843455
maarten,1,0.0003696857670979667,6.0,0.6061358035703155,0.00022407977950843455
doorvoeren,1,0.0003696857670979667,6.0,0.6061358035703155,0.00022407977950843455
berekeningen,1,0.0003696857670979667,6.0,0.6061358035703155,0.00022407977950843455
toont,1,0.0003696857670979667,6.0,0.6061358035703155,0.00022407977950843455
leidinggevenden,1,0.0003696857670979667,6.0,0.6061358035703155,0.00022407977950843455
afneemt,1,0.0003696857670979667,6.0,0.6061358035703155,0.00022407977950843455
zit,1,0.0003696857670979667,6.0,0.6061358035703155,0.00022407977950843455
huis,1,0.0003696857670979667,6.0,0.6061358035703155,0.00022407977950843455
uniform,1,0.0003696857670979667,6.0,0.6061358035703155,0.00022407977950843455
werkwijze,1,0.0003696857670979667,6.0,0.6061358035703155,0.00022407977950843455
onderzocht,1,0.0003696857670979667,6.0,0.6061358035703155,0.00022407977950843455
werknemer,1,0.0003696857670979667,6.0,0.6061358035703155,0.00022407977950843455
uitwerking,1,0.0003696857670979667,6.0,0.6061358035703155,0.00022407977950843455
gebruikmaken,1,0.0003696857670979667,6.0,0.6061358035703155,0.00022407977950843455
landelijk,1,0.0003696857670979667,6.0,0.6061358035703155,0.00022407977950843455
kiest,1,0.0003696857670979667,6.0,0.6061358035703155,0.00022407977950843455
fase,1,0.0003696857670979667,6.0,0.6061358035703155,0.00022407977950843455
genoeg,1,0.0003696857670979667,6.0,0.6061358035703155,0.00022407977950843455
toetst,1,0.0003696857670979667,6.0,0.6061358035703155,0.00022407977950843455
customer,1,0.0003696857670979667,6.0,0.6061358035703155,0.00022407977950843455
discussie,1,0.0003696857670979667,6.0,0.6061358035703155,0.00022407977950843455
overall,1,0.0003696857670979667,6.0,0.6061358035703155,0.00022407977950843455
manvrouw,1,0.0003696857670979667,6.0,0.6061358035703155,0.00022407977950843455
bleek,1,0.0003696857670979667,6.0,0.6061358035703155,0.00022407977950843455
wijzen,1,0.0003696857670979667,6.0,0.6061358035703155,0.00022407977950843455
kernwaarden,1,0.0003696857670979667,6.0,0.6061358035703155,0.00022407977950843455
zakelijke,1,0.0003696857670979667,6.0,0.6061358035703155,0.00022407977950843455
beleggen,1,0.0003696857670979667,6.0,0.6061358035703155,0.00022407977950843455
praktische,1,0.0003696857670979667,6.0,0.6061358035703155,0.00022407977950843455
steeg,1,0.0003696857670979667,6.0,0.6061358035703155,0.00022407977950843455
nam,1,0.0003696857670979667,6.0,0.6061358035703155,0.00022407977950843455
proactief,1,0.0003696857670979667,6.0,0.6061358035703155,0.00022407977950843455
bleef,1,0.0003696857670979667,6.0,0.6061358035703155,0.00022407977950843455
p,1,0.0003696857670979667,6.0,0.6061358035703155,0.00022407977950843455
totale,3,0.0011090573012939,9.0,0.20067069546215124,0.00022255529995802355
delen,3,0.0011090573012939,9.0,0.20067069546215124,0.00022255529995802355
dienstverlening,3,0.0011090573012939,9.0,0.20067069546215124,0.00022255529995802355
betrouwbare,3,0.0011090573012939,9.0,0.20067069546215124,0.00022255529995802355
uitvoeren,3,0.0011090573012939,9.0,0.20067069546215124,0.00022255529995802355
hogere,3,0.0011090573012939,9.0,0.20067069546215124,0.00022255529995802355
bedraagt,3,0.0011090573012939,9.0,0.20067069546215124,0.00022255529995802355
voldoende,3,0.0011090573012939,9.0,0.20067069546215124,0.00022255529995802355
continu,3,0.0011090573012939,9.0,0.20067069546215124,0.00022255529995802355
belangrijk,3,0.0011090573012939,9.0,0.20067069546215124,0.00022255529995802355
strategische,3,0.0011090573012939,9.0,0.20067069546215124,0.00022255529995802355
compliance,3,0.0011090573012939,9.0,0.20067069546215124,0.00022255529995802355
onderzoek,3,0.0011090573012939,9.0,0.20067069546215124,0.00022255529995802355
individuele,3,0.0011090573012939,9.0,0.20067069546215124,0.00022255529995802355
januari,3,0.0011090573012939,9.0,0.20067069546215124,0.00022255529995802355
gevolg,6,0.0022181146025878,10.0,0.09531017980432493,0.000211408901599242
binnen,6,0.0022181146025878,10.0,0.09531017980432493,0.000211408901599242
resultaat,6,0.0022181146025878,10.0,0.09531017980432493,0.000211408901599242
naast,6,0.0022181146025878,10.0,0.09531017980432493,0.000211408901599242
jaar,6,0.0022181146025878,10.0,0.09531017980432493,0.000211408901599242
twee,5,0.0018484288354898336,10.0,0.09531017980432493,0.000176174084666035
hierbij,5,0.0018484288354898336,10.0,0.09531017980432493,0.000176174084666035
staan,5,0.0018484288354898336,10.0,0.09531017980432493,0.000176174084666035
vanuit,5,0.0018484288354898336,10.0,0.09531017980432493,0.000176174084666035
daarbij,5,0.0018484288354898336,10.0,0.09531017980432493,0.000176174084666035
rondom,1,0.0003696857670979667,7.0,0.4519851237430572,0.0001670924671878215
bedienen,1,0.0003696857670979667,7.0,0.4519851237430572,0.0001670924671878215
erop,1,0.0003696857670979667,7.0,0.4519851237430572,0.0001670924671878215
nationaal,1,0.0003696857670979667,7.0,0.4519851237430572,0.0001670924671878215
daartoe,1,0.0003696857670979667,7.0,0.4519851237430572,0.0001670924671878215
behouden,1,0.0003696857670979667,7.0,0.4519851237430572,0.0001670924671878215
innovatief,1,0.0003696857670979667,7.0,0.4519851237430572,0.0001670924671878215
groeien,1,0.0003696857670979667,7.0,0.4519851237430572,0.0001670924671878215
collectieve,1,0.0003696857670979667,7.0,0.4519851237430572,0.0001670924671878215
hen,1,0.0003696857670979667,7.0,0.4519851237430572,0.0001670924671878215
portfolio,1,0.0003696857670979667,7.0,0.4519851237430572,0.0001670924671878215
extern,1,0.0003696857670979667,7.0,0.4519851237430572,0.0001670924671878215
hele,1,0.0003696857670979667,7.0,0.4519851237430572,0.0001670924671878215
maximaal,1,0.0003696857670979667,7.0,0.4519851237430572,0.0001670924671878215
versterken,1,0.0003696857670979667,7.0,0.4519851237430572,0.0001670924671878215
gegaan,1,0.0003696857670979667,7.0,0.4519851237430572,0.0001670924671878215
mutaties,1,0.0003696857670979667,7.0,0.4519851237430572,0.0001670924671878215
mannen,1,0.0003696857670979667,7.0,0.4519851237430572,0.0001670924671878215
smart,1,0.0003696857670979667,7.0,0.4519851237430572,0.0001670924671878215
time,1,0.0003696857670979667,7.0,0.4519851237430572,0.0001670924671878215
richting,1,0.0003696857670979667,7.0,0.4519851237430572,0.0001670924671878215
daling,1,0.0003696857670979667,7.0,0.4519851237430572,0.0001670924671878215
voorop,1,0.0003696857670979667,7.0,0.4519851237430572,0.0001670924671878215
kiezen,1,0.0003696857670979667,7.0,0.4519851237430572,0.0001670924671878215
score,1,0.0003696857670979667,7.0,0.4519851237430572,0.0001670924671878215
sterke,1,0.0003696857670979667,7.0,0.4519851237430572,0.0001670924671878215
aangesloten,1,0.0003696857670979667,7.0,0.4519851237430572,0.0001670924671878215
man,1,0.0003696857670979667,7.0,0.4519851237430572,0.0001670924671878215
uitgangspunten,1,0.0003696857670979667,7.0,0.4519851237430572,0.0001670924671878215
inhoudsopgave,1,0.0003696857670979667,7.0,0.4519851237430572,0.0001670924671878215
maakte,1,0.0003696857670979667,7.0,0.4519851237430572,0.0001670924671878215
digitaal,1,0.0003696857670979667,7.0,0.4519851237430572,0.0001670924671878215
vrouw,1,0.0003696857670979667,7.0,0.4519851237430572,0.0001670924671878215
ict,1,0.0003696857670979667,7.0,0.4519851237430572,0.0001670924671878215
gevraagd,1,0.0003696857670979667,7.0,0.4519851237430572,0.0001670924671878215
trekken,1,0.0003696857670979667,7.0,0.4519851237430572,0.0001670924671878215
bedrijfs,1,0.0003696857670979667,7.0,0.4519851237430572,0.0001670924671878215
allen,1,0.0003696857670979667,7.0,0.4519851237430572,0.0001670924671878215
bedroeg,1,0.0003696857670979667,7.0,0.4519851237430572,0.0001670924671878215
echt,1,0.0003696857670979667,7.0,0.4519851237430572,0.0001670924671878215
vraagstukken,1,0.0003696857670979667,7.0,0.4519851237430572,0.0001670924671878215
klaar,1,0.0003696857670979667,7.0,0.4519851237430572,0.0001670924671878215
lange,1,0.0003696857670979667,7.0,0.4519851237430572,0.0001670924671878215
infrastructuur,1,0.0003696857670979667,7.0,0.4519851237430572,0.0001670924671878215
waardevolle,1,0.0003696857670979667,7.0,0.4519851237430572,0.0001670924671878215
vastgesteld,2,0.0007393715341959334,9.0,0.20067069546215124,0.0001483701999720157
thema,2,0.0007393715341959334,9.0,0.20067069546215124,0.0001483701999720157
verbeteren,2,0.0007393715341959334,9.0,0.20067069546215124,0.0001483701999720157
beter,2,0.0007393715341959334,9.0,0.20067069546215124,0.0001483701999720157
aangepast,2,0.0007393715341959334,9.0,0.20067069546215124,0.0001483701999720157
strategie,2,0.0007393715341959334,9.0,0.20067069546215124,0.0001483701999720157
opzichte,2,0.0007393715341959334,9.0,0.20067069546215124,0.0001483701999720157
komen,2,0.0007393715341959334,9.0,0.20067069546215124,0.0001483701999720157
veranderende,2,0.0007393715341959334,9.0,0.20067069546215124,0.0001483701999720157
verdere,2,0.0007393715341959334,9.0,0.20067069546215124,0.0001483701999720157
duidelijk,2,0.0007393715341959334,9.0,0.20067069546215124,0.0001483701999720157
nv,2,0.0007393715341959334,9.0,0.20067069546215124,0.0001483701999720157
grotere,2,0.0007393715341959334,9.0,0.20067069546215124,0.0001483701999720157
gebied,2,0.0007393715341959334,9.0,0.20067069546215124,0.0001483701999720157
willen,2,0.0007393715341959334,9.0,0.20067069546215124,0.0001483701999720157
volledig,2,0.0007393715341959334,9.0,0.20067069546215124,0.0001483701999720157
professionele,2,0.0007393715341959334,9.0,0.20067069546215124,0.0001483701999720157
onderneming,2,0.0007393715341959334,9.0,0.20067069546215124,0.0001483701999720157
ontwikkelen,2,0.0007393715341959334,9.0,0.20067069546215124,0.0001483701999720157
verordening,2,0.0007393715341959334,9.0,0.20067069546215124,0.0001483701999720157
elkaar,2,0.0007393715341959334,9.0,0.20067069546215124,0.0001483701999720157
contact,2,0.0007393715341959334,9.0,0.20067069546215124,0.0001483701999720157
periodiek,2,0.0007393715341959334,9.0,0.20067069546215124,0.0001483701999720157
posten,4,0.0014787430683918669,10.0,0.09531017980432493,0.000140939267732828
blijft,4,0.0014787430683918669,10.0,0.09531017980432493,0.000140939267732828
processen,4,0.0014787430683918669,10.0,0.09531017980432493,0.000140939267732828
tijdens,4,0.0014787430683918669,10.0,0.09531017980432493,0.000140939267732828
ontwikkelingen,4,0.0014787430683918669,10.0,0.09531017980432493,0.000140939267732828
toekomst,4,0.0014787430683918669,10.0,0.09531017980432493,0.000140939267732828
eind,4,0.0014787430683918669,10.0,0.09531017980432493,0.000140939267732828
bedrijfsvoering,4,0.0014787430683918669,10.0,0.09531017980432493,0.000140939267732828
daarnaast,4,0.0014787430683918669,10.0,0.09531017980432493,0.000140939267732828
eigen,4,0.0014787430683918669,10.0,0.09531017980432493,0.000140939267732828
aandacht,4,0.0014787430683918669,10.0,0.09531017980432493,0.000140939267732828
zoals,4,0.0014787430683918669,10.0,0.09531017980432493,0.000140939267732828
bijzondere,4,0.0014787430683918669,10.0,0.09531017980432493,0.000140939267732828
lager,1,0.0003696857670979667,8.0,0.3184537311185346,0.0001177278118737651
ondersteuning,1,0.0003696857670979667,8.0,0.3184537311185346,0.0001177278118737651
speelt,1,0.0003696857670979667,8.0,0.3184537311185346,0.0001177278118737651
behoeften,1,0.0003696857670979667,8.0,0.3184537311185346,0.0001177278118737651
werkgevers,1,0.0003696857670979667,8.0,0.3184537311185346,0.0001177278118737651
richt,1,0.0003696857670979667,8.0,0.3184537311185346,0.0001177278118737651
technologie,1,0.0003696857670979667,8.0,0.3184537311185346,0.0001177278118737651
grenzen,1,0.0003696857670979667,8.0,0.3184537311185346,0.0001177278118737651
ervaren,1,0.0003696857670979667,8.0,0.3184537311185346,0.0001177278118737651
itsystemen,1,0.0003696857670979667,8.0,0.3184537311185346,0.0001177278118737651
gelijk,1,0.0003696857670979667,8.0,0.3184537311185346,0.0001177278118737651
keuze,1,0.0003696857670979667,8.0,0.3184537311185346,0.0001177278118737651
ander,1,0.0003696857670979667,8.0,0.3184537311185346,0.0001177278118737651
tevreden,1,0.0003696857670979667,8.0,0.3184537311185346,0.0001177278118737651
hiermee,1,0.0003696857670979667,8.0,0.3184537311185346,0.0001177278118737651
pensioenregeling,1,0.0003696857670979667,8.0,0.3184537311185346,0.0001177278118737651
aanpassingen,1,0.0003696857670979667,8.0,0.3184537311185346,0.0001177278118737651
tijdelijk,1,0.0003696857670979667,8.0,0.3184537311185346,0.0001177278118737651
bijdragen,1,0.0003696857670979667,8.0,0.3184537311185346,0.0001177278118737651
werden,1,0.0003696857670979667,8.0,0.3184537311185346,0.0001177278118737651
administratieve,1,0.0003696857670979667,8.0,0.3184537311185346,0.0001177278118737651
fonds,1,0.0003696857670979667,8.0,0.3184537311185346,0.0001177278118737651
efficinte,1,0.0003696857670979667,8.0,0.3184537311185346,0.0001177278118737651
praktijk,1,0.0003696857670979667,8.0,0.3184537311185346,0.0001177278118737651
positief,1,0.0003696857670979667,8.0,0.3184537311185346,0.0001177278118737651
behoeve,1,0.0003696857670979667,8.0,0.3184537311185346,0.0001177278118737651
toegenomen,1,0.0003696857670979667,8.0,0.3184537311185346,0.0001177278118737651
tijdig,1,0.0003696857670979667,8.0,0.3184537311185346,0.0001177278118737651
verwachte,1,0.0003696857670979667,8.0,0.3184537311185346,0.0001177278118737651
lag,1,0.0003696857670979667,8.0,0.3184537311185346,0.0001177278118737651
directe,1,0.0003696857670979667,8.0,0.3184537311185346,0.0001177278118737651
afdelingen,1,0.0003696857670979667,8.0,0.3184537311185346,0.0001177278118737651
slag,1,0.0003696857670979667,8.0,0.3184537311185346,0.0001177278118737651
nagenoeg,1,0.0003696857670979667,8.0,0.3184537311185346,0.0001177278118737651
ging,1,0.0003696857670979667,8.0,0.3184537311185346,0.0001177278118737651
exclusief,1,0.0003696857670979667,8.0,0.3184537311185346,0.0001177278118737651
vernieuwing,1,0.0003696857670979667,8.0,0.3184537311185346,0.0001177278118737651
draagt,1,0.0003696857670979667,8.0,0.3184537311185346,0.0001177278118737651
halen,1,0.0003696857670979667,8.0,0.3184537311185346,0.0001177278118737651
uitkeringen,1,0.0003696857670979667,8.0,0.3184537311185346,0.0001177278118737651
ervoor,1,0.0003696857670979667,8.0,0.3184537311185346,0.0001177278118737651
innovatieve,1,0.0003696857670979667,8.0,0.3184537311185346,0.0001177278118737651
ziet,1,0.0003696857670979667,8.0,0.3184537311185346,0.0001177278118737651
laat,1,0.0003696857670979667,8.0,0.3184537311185346,0.0001177278118737651
vrouwen,1,0.0003696857670979667,8.0,0.3184537311185346,0.0001177278118737651
aanpassing,1,0.0003696857670979667,8.0,0.3184537311185346,0.0001177278118737651
controles,1,0.0003696857670979667,8.0,0.3184537311185346,0.0001177278118737651
inzet,1,0.0003696857670979667,8.0,0.3184537311185346,0.0001177278118737651
rond,1,0.0003696857670979667,8.0,0.3184537311185346,0.0001177278118737651
bedrijfsresultaat,1,0.0003696857670979667,8.0,0.3184537311185346,0.0001177278118737651
operational,1,0.0003696857670979667,8.0,0.3184537311185346,0.0001177278118737651
daarvan,1,0.0003696857670979667,8.0,0.3184537311185346,0.0001177278118737651
ver,1,0.0003696857670979667,8.0,0.3184537311185346,0.0001177278118737651
trots,1,0.0003696857670979667,8.0,0.3184537311185346,0.0001177278118737651
baten,1,0.0003696857670979667,8.0,0.3184537311185346,0.0001177278118737651
schaal,1,0.0003696857670979667,8.0,0.3184537311185346,0.0001177278118737651
verhouding,1,0.0003696857670979667,8.0,0.3184537311185346,0.0001177278118737651
passen,1,0.0003696857670979667,8.0,0.3184537311185346,0.0001177278118737651
additionele,1,0.0003696857670979667,8.0,0.3184537311185346,0.0001177278118737651
betekenis,1,0.0003696857670979667,8.0,0.3184537311185346,0.0001177278118737651
tegenover,1,0.0003696857670979667,8.0,0.3184537311185346,0.0001177278118737651
ondanks,1,0.0003696857670979667,8.0,0.3184537311185346,0.0001177278118737651
systeem,1,0.0003696857670979667,8.0,0.3184537311185346,0.0001177278118737651
hierboven,1,0.0003696857670979667,8.0,0.3184537311185346,0.0001177278118737651
advies,1,0.0003696857670979667,8.0,0.3184537311185346,0.0001177278118737651
flexibiliteit,1,0.0003696857670979667,8.0,0.3184537311185346,0.0001177278118737651
betere,1,0.0003696857670979667,8.0,0.3184537311185346,0.0001177278118737651
reguliere,1,0.0003696857670979667,8.0,0.3184537311185346,0.0001177278118737651
directeur,1,0.0003696857670979667,8.0,0.3184537311185346,0.0001177278118737651
verbeterd,1,0.0003696857670979667,8.0,0.3184537311185346,0.0001177278118737651
bestaande,1,0.0003696857670979667,8.0,0.3184537311185346,0.0001177278118737651
acties,1,0.0003696857670979667,8.0,0.3184537311185346,0.0001177278118737651
nauw,1,0.0003696857670979667,8.0,0.3184537311185346,0.0001177278118737651
spelen,1,0.0003696857670979667,8.0,0.3184537311185346,0.0001177278118737651
producten,1,0.0003696857670979667,8.0,0.3184537311185346,0.0001177278118737651
salaris,1,0.0003696857670979667,8.0,0.3184537311185346,0.0001177278118737651
wettelijk,1,0.0003696857670979667,8.0,0.3184537311185346,0.0001177278118737651
ruimte,1,0.0003696857670979667,8.0,0.3184537311185346,0.0001177278118737651
gestegen,1,0.0003696857670979667,8.0,0.3184537311185346,0.0001177278118737651
mogen,1,0.0003696857670979667,8.0,0.3184537311185346,0.0001177278118737651
uitgebreid,1,0.0003696857670979667,8.0,0.3184537311185346,0.0001177278118737651
systemen,3,0.0011090573012939,10.0,0.09531017980432493,0.000105704450799621
mogelijke,3,0.0011090573012939,10.0,0.09531017980432493,0.000105704450799621
enkele,3,0.0011090573012939,10.0,0.09531017980432493,0.000105704450799621
goed,3,0.0011090573012939,10.0,0.09531017980432493,0.000105704450799621
focus,3,0.0011090573012939,10.0,0.09531017980432493,0.000105704450799621
houden,3,0.0011090573012939,10.0,0.09531017980432493,0.000105704450799621
waarin,3,0.0011090573012939,10.0,0.09531017980432493,0.000105704450799621
geven,3,0.0011090573012939,10.0,0.09531017980432493,0.000105704450799621
gericht,3,0.0011090573012939,10.0,0.09531017980432493,0.000105704450799621
belang,3,0.0011090573012939,10.0,0.09531017980432493,0.000105704450799621
personeel,3,0.0011090573012939,10.0,0.09531017980432493,0.000105704450799621
persoonlijke,3,0.0011090573012939,10.0,0.09531017980432493,0.000105704450799621
mensen,3,0.0011090573012939,10.0,0.09531017980432493,0.000105704450799621
nodig,3,0.0011090573012939,10.0,0.09531017980432493,0.000105704450799621
wel,1,0.0003696857670979667,9.0,0.20067069546215124,7.418509998600784e-05
extra,1,0.0003696857670979667,9.0,0.20067069546215124,7.418509998600784e-05
zullen,1,0.0003696857670979667,9.0,0.20067069546215124,7.418509998600784e-05
beoordeeld,1,0.0003696857670979667,9.0,0.20067069546215124,7.418509998600784e-05
weten,1,0.0003696857670979667,9.0,0.20067069546215124,7.418509998600784e-05
wijzigingen,1,0.0003696857670979667,9.0,0.20067069546215124,7.418509998600784e-05
leveranciers,1,0.0003696857670979667,9.0,0.20067069546215124,7.418509998600784e-05
vormen,1,0.0003696857670979667,9.0,0.20067069546215124,7.418509998600784e-05
bedragen,1,0.0003696857670979667,9.0,0.20067069546215124,7.418509998600784e-05
onderscheiden,1,0.0003696857670979667,9.0,0.20067069546215124,7.418509998600784e-05
sneller,1,0.0003696857670979667,9.0,0.20067069546215124,7.418509998600784e-05
beeld,1,0.0003696857670979667,9.0,0.20067069546215124,7.418509998600784e-05
belastingen,1,0.0003696857670979667,9.0,0.20067069546215124,7.418509998600784e-05
betrouwbaarheid,1,0.0003696857670979667,9.0,0.20067069546215124,7.418509998600784e-05
vervolgens,1,0.0003696857670979667,9.0,0.20067069546215124,7.418509998600784e-05
ervaring,1,0.0003696857670979667,9.0,0.20067069546215124,7.418509998600784e-05
gemiddeld,1,0.0003696857670979667,9.0,0.20067069546215124,7.418509998600784e-05
vermeld,1,0.0003696857670979667,9.0,0.20067069546215124,7.418509998600784e-05
gelden,1,0.0003696857670979667,9.0,0.20067069546215124,7.418509998600784e-05
namens,1,0.0003696857670979667,9.0,0.20067069546215124,7.418509998600784e-05
behoefte,1,0.0003696857670979667,9.0,0.20067069546215124,7.418509998600784e-05
selecteren,1,0.0003696857670979667,9.0,0.20067069546215124,7.418509998600784e-05
ondersteunen,1,0.0003696857670979667,9.0,0.20067069546215124,7.418509998600784e-05
beperkt,1,0.0003696857670979667,9.0,0.20067069546215124,7.418509998600784e-05
waarmee,1,0.0003696857670979667,9.0,0.20067069546215124,7.418509998600784e-05
belangrijkste,1,0.0003696857670979667,9.0,0.20067069546215124,7.418509998600784e-05
bewust,1,0.0003696857670979667,9.0,0.20067069546215124,7.418509998600784e-05
cijfers,1,0.0003696857670979667,9.0,0.20067069546215124,7.418509998600784e-05
juist,1,0.0003696857670979667,9.0,0.20067069546215124,7.418509998600784e-05
verbeteringen,1,0.0003696857670979667,9.0,0.20067069546215124,7.418509998600784e-05
controle,1,0.0003696857670979667,9.0,0.20067069546215124,7.418509998600784e-05
bedrag,1,0.0003696857670979667,9.0,0.20067069546215124,7.418509998600784e-05
zodat,1,0.0003696857670979667,9.0,0.20067069546215124,7.418509998600784e-05
techniek,1,0.0003696857670979667,9.0,0.20067069546215124,7.418509998600784e-05
opgenomen,1,0.0003696857670979667,9.0,0.20067069546215124,7.418509998600784e-05
genoemde,1,0.0003696857670979667,9.0,0.20067069546215124,7.418509998600784e-05
oog,1,0.0003696857670979667,9.0,0.20067069546215124,7.418509998600784e-05
online,1,0.0003696857670979667,9.0,0.20067069546215124,7.418509998600784e-05
elk,1,0.0003696857670979667,9.0,0.20067069546215124,7.418509998600784e-05
voorzien,1,0.0003696857670979667,9.0,0.20067069546215124,7.418509998600784e-05
hierin,1,0.0003696857670979667,9.0,0.20067069546215124,7.418509998600784e-05
structurele,1,0.0003696857670979667,9.0,0.20067069546215124,7.418509998600784e-05
diensten,1,0.0003696857670979667,9.0,0.20067069546215124,7.418509998600784e-05
digitale,1,0.0003696857670979667,9.0,0.20067069546215124,7.418509998600784e-05
bepaalde,1,0.0003696857670979667,9.0,0.20067069546215124,7.418509998600784e-05
bevindingen,1,0.0003696857670979667,9.0,0.20067069546215124,7.418509998600784e-05
krijgt,1,0.0003696857670979667,9.0,0.20067069546215124,7.418509998600784e-05
net,1,0.0003696857670979667,9.0,0.20067069546215124,7.418509998600784e-05
doordat,1,0.0003696857670979667,9.0,0.20067069546215124,7.418509998600784e-05
zorgen,1,0.0003696857670979667,9.0,0.20067069546215124,7.418509998600784e-05
mee,1,0.0003696857670979667,9.0,0.20067069546215124,7.418509998600784e-05
dagelijkse,1,0.0003696857670979667,9.0,0.20067069546215124,7.418509998600784e-05
tevens,1,0.0003696857670979667,9.0,0.20067069546215124,7.418509998600784e-05
programma,1,0.0003696857670979667,9.0,0.20067069546215124,7.418509998600784e-05
snel,1,0.0003696857670979667,9.0,0.20067069546215124,7.418509998600784e-05
keuzes,1,0.0003696857670979667,9.0,0.20067069546215124,7.418509998600784e-05
mogelijkheden,1,0.0003696857670979667,9.0,0.20067069546215124,7.418509998600784e-05
uitgevoerd,1,0.0003696857670979667,9.0,0.20067069546215124,7.418509998600784e-05
toelichting,1,0.0003696857670979667,9.0,0.20067069546215124,7.418509998600784e-05
zorgt,1,0.0003696857670979667,9.0,0.20067069546215124,7.418509998600784e-05
lopende,1,0.0003696857670979667,9.0,0.20067069546215124,7.418509998600784e-05
data,1,0.0003696857670979667,9.0,0.20067069546215124,7.418509998600784e-05
platform,1,0.0003696857670979667,9.0,0.20067069546215124,7.418509998600784e-05
uitgaven,1,0.0003696857670979667,9.0,0.20067069546215124,7.418509998600784e-05
vereist,1,0.0003696857670979667,9.0,0.20067069546215124,7.418509998600784e-05
rekenen,1,0.0003696857670979667,9.0,0.20067069546215124,7.418509998600784e-05
vergroten,1,0.0003696857670979667,9.0,0.20067069546215124,7.418509998600784e-05
stijging,1,0.0003696857670979667,9.0,0.20067069546215124,7.418509998600784e-05
onafhankelijk,1,0.0003696857670979667,9.0,0.20067069546215124,7.418509998600784e-05
groot,1,0.0003696857670979667,9.0,0.20067069546215124,7.418509998600784e-05
ambities,1,0.0003696857670979667,9.0,0.20067069546215124,7.418509998600784e-05
start,1,0.0003696857670979667,9.0,0.20067069546215124,7.418509998600784e-05
hiervoor,1,0.0003696857670979667,9.0,0.20067069546215124,7.418509998600784e-05
werkzaamheden,1,0.0003696857670979667,9.0,0.20067069546215124,7.418509998600784e-05
investeringen,1,0.0003696857670979667,9.0,0.20067069546215124,7.418509998600784e-05
business,1,0.0003696857670979667,9.0,0.20067069546215124,7.418509998600784e-05
functie,1,0.0003696857670979667,9.0,0.20067069546215124,7.418509998600784e-05
gedaan,1,0.0003696857670979667,9.0,0.20067069546215124,7.418509998600784e-05
impact,1,0.0003696857670979667,9.0,0.20067069546215124,7.418509998600784e-05
rapportage,1,0.0003696857670979667,9.0,0.20067069546215124,7.418509998600784e-05
relatief,1,0.0003696857670979667,9.0,0.20067069546215124,7.418509998600784e-05
maart,1,0.0003696857670979667,9.0,0.20067069546215124,7.418509998600784e-05
regelgeving,1,0.0003696857670979667,9.0,0.20067069546215124,7.418509998600784e-05
biedt,1,0.0003696857670979667,9.0,0.20067069546215124,7.418509998600784e-05
welke,1,0.0003696857670979667,9.0,0.20067069546215124,7.418509998600784e-05
omvang,1,0.0003696857670979667,9.0,0.20067069546215124,7.418509998600784e-05
bijzonder,1,0.0003696857670979667,9.0,0.20067069546215124,7.418509998600784e-05
externe,1,0.0003696857670979667,9.0,0.20067069546215124,7.418509998600784e-05
mening,1,0.0003696857670979667,9.0,0.20067069546215124,7.418509998600784e-05
vermogen,2,0.0007393715341959334,10.0,0.09531017980432493,7.0469633866414e-05
verwachting,2,0.0007393715341959334,10.0,0.09531017980432493,7.0469633866414e-05
directie,2,0.0007393715341959334,10.0,0.09531017980432493,7.0469633866414e-05
behalen,2,0.0007393715341959334,10.0,0.09531017980432493,7.0469633866414e-05
alle,2,0.0007393715341959334,10.0,0.09531017980432493,7.0469633866414e-05
totaal,2,0.0007393715341959334,10.0,0.09531017980432493,7.0469633866414e-05
sociale,2,0.0007393715341959334,10.0,0.09531017980432493,7.0469633866414e-05
daarmee,2,0.0007393715341959334,10.0,0.09531017980432493,7.0469633866414e-05
grote,2,0.0007393715341959334,10.0,0.09531017980432493,7.0469633866414e-05
proces,2,0.0007393715341959334,10.0,0.09531017980432493,7.0469633866414e-05
kennis,2,0.0007393715341959334,10.0,0.09531017980432493,7.0469633866414e-05
voorgaande,2,0.0007393715341959334,10.0,0.09531017980432493,7.0469633866414e-05
alleen,2,0.0007393715341959334,10.0,0.09531017980432493,7.0469633866414e-05
maken,2,0.0007393715341959334,10.0,0.09531017980432493,7.0469633866414e-05
zetten,2,0.0007393715341959334,10.0,0.09531017980432493,7.0469633866414e-05
drie,2,0.0007393715341959334,10.0,0.09531017980432493,7.0469633866414e-05
resultaten,2,0.0007393715341959334,10.0,0.09531017980432493,7.0469633866414e-05
diverse,2,0.0007393715341959334,10.0,0.09531017980432493,7.0469633866414e-05
waarbij,2,0.0007393715341959334,10.0,0.09531017980432493,7.0469633866414e-05
plaats,2,0.0007393715341959334,10.0,0.09531017980432493,7.0469633866414e-05
hierdoor,2,0.0007393715341959334,10.0,0.09531017980432493,7.0469633866414e-05
markt,2,0.0007393715341959334,10.0,0.09531017980432493,7.0469633866414e-05
partners,2,0.0007393715341959334,10.0,0.09531017980432493,7.0469633866414e-05
financieel,2,0.0007393715341959334,10.0,0.09531017980432493,7.0469633866414e-05
uitvoering,2,0.0007393715341959334,10.0,0.09531017980432493,7.0469633866414e-05
verschillende,2,0.0007393715341959334,10.0,0.09531017980432493,7.0469633866414e-05
algemene,2,0.0007393715341959334,10.0,0.09531017980432493,7.0469633866414e-05
fte,2,0.0007393715341959334,10.0,0.09531017980432493,7.0469633866414e-05
ligt,2,0.0007393715341959334,10.0,0.09531017980432493,7.0469633866414e-05
interne,2,0.0007393715341959334,10.0,0.09531017980432493,7.0469633866414e-05
zien,2,0.0007393715341959334,10.0,0.09531017980432493,7.0469633866414e-05
nieuw,2,0.0007393715341959334,10.0,0.09531017980432493,7.0469633866414e-05
veranderingen,2,0.0007393715341959334,10.0,0.09531017980432493,7.0469633866414e-05
betrokken,2,0.0007393715341959334,10.0,0.09531017980432493,7.0469633866414e-05
waar,2,0.0007393715341959334,10.0,0.09531017980432493,7.0469633866414e-05
toekomstige,2,0.0007393715341959334,10.0,0.09531017980432493,7.0469633866414e-05
gestart,2,0.0007393715341959334,10.0,0.09531017980432493,7.0469633866414e-05
services,2,0.0007393715341959334,10.0,0.09531017980432493,7.0469633866414e-05
grootte,1,0.0003696857670979667,10.0,0.09531017980432493,3.5234816933207e-05
steeds,1,0.0003696857670979667,10.0,0.09531017980432493,3.5234816933207e-05
software,1,0.0003696857670979667,10.0,0.09531017980432493,3.5234816933207e-05
maakt,1,0.0003696857670979667,10.0,0.09531017980432493,3.5234816933207e-05
doelstelling,1,0.0003696857670979667,10.0,0.09531017980432493,3.5234816933207e-05
eerste,1,0.0003696857670979667,10.0,0.09531017980432493,3.5234816933207e-05
financiering,1,0.0003696857670979667,10.0,0.09531017980432493,3.5234816933207e-05
rente,1,0.0003696857670979667,10.0,0.09531017980432493,3.5234816933207e-05
middelen,1,0.0003696857670979667,10.0,0.09531017980432493,3.5234816933207e-05
doel,1,0.0003696857670979667,10.0,0.09531017980432493,3.5234816933207e-05
project,1,0.0003696857670979667,10.0,0.09531017980432493,3.5234816933207e-05
hand,1,0.0003696857670979667,10.0,0.09531017980432493,3.5234816933207e-05
belangrijke,1,0.0003696857670979667,10.0,0.09531017980432493,3.5234816933207e-05
termijn,1,0.0003696857670979667,10.0,0.09531017980432493,3.5234816933207e-05
begin,1,0.0003696857670979667,10.0,0.09531017980432493,3.5234816933207e-05
visie,1,0.0003696857670979667,10.0,0.09531017980432493,3.5234816933207e-05
ontwikkeling,1,0.0003696857670979667,10.0,0.09531017980432493,3.5234816933207e-05
eerder,1,0.0003696857670979667,10.0,0.09531017980432493,3.5234816933207e-05
vinden,1,0.0003696857670979667,10.0,0.09531017980432493,3.5234816933207e-05
bieden,1,0.0003696857670979667,10.0,0.09531017980432493,3.5234816933207e-05
bijvoorbeeld,1,0.0003696857670979667,10.0,0.09531017980432493,3.5234816933207e-05
laten,1,0.0003696857670979667,10.0,0.09531017980432493,3.5234816933207e-05
continue,1,0.0003696857670979667,10.0,0.09531017980432493,3.5234816933207e-05
af,1,0.0003696857670979667,10.0,0.09531017980432493,3.5234816933207e-05
gebruik,1,0.0003696857670979667,10.0,0.09531017980432493,3.5234816933207e-05
gezamenlijke,1,0.0003696857670979667,10.0,0.09531017980432493,3.5234816933207e-05
kasstroom,1,0.0003696857670979667,10.0,0.09531017980432493,3.5234816933207e-05
weer,1,0.0003696857670979667,10.0,0.09531017980432493,3.5234816933207e-05
kwaliteit,1,0.0003696857670979667,10.0,0.09531017980432493,3.5234816933207e-05
waardering,1,0.0003696857670979667,10.0,0.09531017980432493,3.5234816933207e-05
leiden,1,0.0003696857670979667,10.0,0.09531017980432493,3.5234816933207e-05
niveau,1,0.0003696857670979667,10.0,0.09531017980432493,3.5234816933207e-05
nemen,1,0.0003696857670979667,10.0,0.09531017980432493,3.5234816933207e-05
essentieel,1,0.0003696857670979667,10.0,0.09531017980432493,3.5234816933207e-05
vormt,1,0.0003696857670979667,10.0,0.09531017980432493,3.5234816933207e-05
gewaardeerd,1,0.0003696857670979667,10.0,0.09531017980432493,3.5234816933207e-05
waaronder,1,0.0003696857670979667,10.0,0.09531017980432493,3.5234816933207e-05
wet,1,0.0003696857670979667,10.0,0.09531017980432493,3.5234816933207e-05
gaan,1,0.0003696857670979667,10.0,0.09531017980432493,3.5234816933207e-05
hiervan,1,0.0003696857670979667,10.0,0.09531017980432493,3.5234816933207e-05
wetgeving,1,0.0003696857670979667,10.0,0.09531017980432493,3.5234816933207e-05
saldo,1,0.0003696857670979667,10.0,0.09531017980432493,3.5234816933207e-05
hoge,1,0.0003696857670979667,10.0,0.09531017980432493,3.5234816933207e-05
overige,1,0.0003696857670979667,10.0,0.09531017980432493,3.5234816933207e-05
lijn,1,0.0003696857670979667,10.0,0.09531017980432493,3.5234816933207e-05
staat,1,0.0003696857670979667,10.0,0.09531017980432493,3.5234816933207e-05
richten,1,0.0003696857670979667,10.0,0.09531017980432493,3.5234816933207e-05
mogelijk,1,0.0003696857670979667,10.0,0.09531017980432493,3.5234816933207e-05
beleid,1,0.0003696857670979667,10.0,0.09531017980432493,3.5234816933207e-05
vanaf,1,0.0003696857670979667,10.0,0.09531017980432493,3.5234816933207e-05
s,5,0.0018484288354898336,11.0,0.0,0.0
ten,3,0.0011090573012939,11.0,0.0,0.0
n,1,0.0003696857670979667,11.0,0.0,0.0
per,3,0.0011090573012939,11.0,0.0,0.0
basis,1,0.0003696857670979667,11.0,0.0,0.0
we,73,0.02698706099815157,11.0,0.0,0.0
